,age,job,marital,education,default,balance,housing,loan,contact,day,month,duration,campaign,pdays,previous,poutcome,income
32846,92,technician,married,unknown,no,122,no,no,cellular,25,jun,266,2,318,3,other,0
32847,37,admin.,married,tertiary,no,122,no,no,telephone,25,jun,266,2,318,3,other,0
32848,37,technician,married,tertiary,no,122,no,no,cellular,6,jun,266,3,318,3,other,0
32849,37,technician,married,tertiary,no,122,no,no,telephone,25,jun,266,2,318,3,other,0
32850,37,technician,married,tertiary,no,122,no,no,cellular,25,jun,266,2,318,25,failure,0
32851,34,management,single,tertiary,no,250,no,no,cellular,26,aug,660,2,-1,20,unknown,1
32852,34,management,single,tertiary,yes,250,no,no,cellular,26,aug,892,2,-1,0,unknown,1
32853,34,management,single,tertiary,no,250,no,no,cellular,26,aug,1178,2,-1,0,unknown,1
32854,34,management,single,tertiary,no,250,yes,no,cellular,26,aug,1875,2,-1,0,unknown,1
32855,34,management,single,tertiary,no,4200,no,no,cellular,26,aug,822,2,-1,0,unknown,1
32856,41,admin.,married,secondary,no,0,no,no,cellular,21,apr,624,1,-1,0,unknown,1
32857,41,management,married,secondary,no,0,no,no,cellular,21,mar,259,1,-1,0,unknown,1
32858,41,management,married,secondary,no,0,no,no,cellular,21,jun,624,1,-1,18,unknown,1
32859,41,management,married,secondary,no,0,no,no,cellular,21,nov,1925,1,-1,0,unknown,1
32860,41,management,married,secondary,no,0,no,no,cellular,21,mar,624,1,-1,15,unknown,1
32861,34,retired,married,secondary,no,268,no,no,cellular,11,aug,845,4,-1,0,unknown,1
32862,34,technician,married,secondary,no,268,no,no,cellular,11,aug,1089,4,-1,0,unknown,1
32863,21,technician,married,secondary,no,268,no,no,cellular,11,aug,1096,4,-1,0,unknown,1
32864,34,technician,married,secondary,no,268,no,no,cellular,11,aug,1531,4,-1,0,unknown,1
32865,34,technician,married,secondary,no,268,no,no,cellular,11,aug,850,4,-1,0,unknown,1
32866,43,student,single,secondary,no,35,no,no,telephone,9,nov,208,1,-1,0,success,1
32867,43,admin.,single,secondary,no,35,no,no,telephone,9,oct,208,1,-1,0,success,1
32868,43,admin.,single,secondary,no,35,no,no,cellular,9,nov,1192,1,-1,0,unknown,1
32869,43,admin.,single,secondary,no,35,no,no,telephone,9,sep,484,1,-1,0,unknown,1
32870,43,admin.,single,secondary,no,35,no,no,telephone,9,feb,1236,1,-1,0,unknown,1
32871,49,blue-collar,divorced,secondary,yes,10613,no,yes,cellular,4,feb,147,1,-1,0,unknown,0
32872,90,blue-collar,divorced,secondary,no,10613,no,yes,cellular,4,feb,507,1,-1,0,unknown,0
32873,74,blue-collar,divorced,secondary,no,10613,no,yes,cellular,4,feb,239,1,-1,0,unknown,0
32874,49,blue-collar,divorced,secondary,yes,10613,no,yes,unknown,4,feb,1226,1,-1,0,unknown,0
32875,49,blue-collar,single,secondary,no,10613,no,yes,cellular,4,feb,709,1,-1,0,unknown,0
32876,46,technician,divorced,secondary,yes,-11,no,no,cellular,11,aug,1392,2,-1,0,unknown,1
32877,46,technician,divorced,secondary,yes,-11,no,no,cellular,11,aug,721,2,-1,0,unknown,1
32878,46,technician,divorced,secondary,yes,-11,no,no,cellular,11,aug,678,2,-1,0,unknown,1
32879,46,technician,divorced,secondary,yes,68529,no,no,cellular,11,aug,1085,2,-1,0,unknown,1
32880,77,technician,divorced,secondary,yes,-11,no,no,cellular,11,aug,869,2,-1,0,unknown,1
32881,33,management,married,tertiary,no,1412,no,no,cellular,6,feb,930,2,-1,0,unknown,1
32882,33,technician,married,tertiary,no,1412,no,no,cellular,6,feb,433,2,-1,0,success,1
32883,33,management,married,tertiary,no,1412,no,no,cellular,6,feb,1010,2,484,0,unknown,1
32884,33,technician,married,tertiary,no,1412,no,no,cellular,6,feb,2093,2,-1,0,unknown,1
32885,33,management,married,tertiary,no,1412,no,no,unknown,6,feb,433,2,171,0,unknown,0
32886,45,management,divorced,tertiary,yes,-90,yes,no,cellular,29,dec,860,1,192,1,failure,1
32887,84,management,divorced,tertiary,no,-90,yes,no,cellular,29,jan,1347,1,192,1,success,1
32888,45,management,divorced,tertiary,no,-90,yes,no,cellular,29,oct,935,1,192,1,failure,1
32889,45,management,divorced,tertiary,no,-90,yes,no,cellular,29,jun,902,1,192,1,failure,1
32890,45,management,divorced,tertiary,yes,-90,yes,no,cellular,29,jan,667,1,192,1,success,1
32891,36,entrepreneur,married,unknown,no,298,yes,no,telephone,8,jul,1213,1,-1,0,unknown,0
32892,36,entrepreneur,married,unknown,yes,298,no,no,unknown,8,apr,215,1,-1,0,unknown,1
32893,36,entrepreneur,divorced,unknown,no,298,yes,no,unknown,8,may,1697,1,-1,0,unknown,1
32894,36,entrepreneur,divorced,secondary,no,298,yes,no,unknown,8,may,1202,1,-1,0,unknown,1
32895,36,entrepreneur,divorced,unknown,no,298,yes,no,unknown,8,may,1202,1,-1,0,unknown,1
32896,48,management,married,unknown,no,7861,no,no,cellular,20,nov,380,1,651,0,success,1
32897,92,management,married,unknown,no,7861,no,no,cellular,20,nov,380,1,-1,0,success,1
32898,48,management,married,unknown,no,7861,no,no,cellular,20,dec,380,1,420,0,unknown,1
32899,89,management,married,unknown,no,7861,yes,no,cellular,20,nov,380,1,-1,0,unknown,0
32900,48,management,married,primary,no,7861,no,no,cellular,20,jun,380,1,-1,0,unknown,1
32901,26,management,single,tertiary,no,690,no,no,cellular,5,feb,1182,3,173,0,unknown,1
32902,26,management,single,tertiary,no,-6614,no,no,cellular,5,feb,905,3,-1,0,unknown,1
32903,26,management,single,tertiary,no,690,no,no,cellular,5,feb,3078,3,-1,0,unknown,1
32904,26,management,single,tertiary,no,690,no,no,cellular,5,feb,947,3,-1,0,unknown,1
32905,26,management,single,tertiary,no,690,no,no,cellular,5,feb,1242,3,-1,7,unknown,1
32906,38,admin.,single,secondary,no,245,yes,yes,telephone,17,apr,1871,2,345,2,success,1
32907,38,admin.,single,secondary,no,245,yes,yes,cellular,17,apr,955,2,345,2,success,1
32908,38,admin.,single,secondary,no,245,yes,yes,cellular,17,apr,978,2,345,2,success,1
32909,38,admin.,single,secondary,no,245,yes,no,cellular,17,apr,393,2,345,2,success,0
32910,38,admin.,single,secondary,no,245,yes,yes,cellular,17,apr,1364,2,345,2,success,1
32911,30,management,divorced,tertiary,no,451,no,no,cellular,5,may,857,1,274,3,failure,0
32912,30,management,married,tertiary,no,451,no,no,cellular,15,may,173,1,274,3,success,1
32913,30,management,married,tertiary,no,451,no,no,cellular,5,nov,173,1,274,3,success,1
32914,30,management,married,tertiary,no,451,no,no,cellular,5,mar,173,1,274,3,success,1
32915,30,technician,married,tertiary,no,451,no,no,cellular,5,may,173,1,274,3,success,0
32916,73,services,married,secondary,no,257,yes,no,cellular,12,jun,171,1,-1,0,unknown,1
32917,72,services,married,secondary,no,257,yes,no,unknown,12,jun,1789,1,-1,0,unknown,1
32918,39,services,married,secondary,no,257,yes,no,cellular,12,jun,1222,1,-1,0,unknown,1
32919,87,services,married,secondary,no,257,yes,no,unknown,12,jun,1258,1,-1,0,unknown,1
32920,39,services,single,secondary,no,257,yes,no,unknown,12,jun,1502,1,-1,0,unknown,1
32921,87,blue-collar,married,secondary,no,4771,yes,no,cellular,17,apr,217,1,-1,275,unknown,1
32922,76,blue-collar,married,secondary,no,4771,yes,no,cellular,17,apr,217,1,-1,37,unknown,1
32923,64,blue-collar,married,secondary,no,4771,yes,no,cellular,17,apr,1081,1,-1,0,unknown,1
32924,92,blue-collar,married,secondary,no,4771,yes,no,cellular,17,apr,217,1,460,0,unknown,1
32925,84,blue-collar,married,secondary,no,4771,yes,no,cellular,17,apr,217,1,-1,0,unknown,0
32926,54,retired,divorced,tertiary,no,726,no,no,cellular,28,jan,246,1,-1,22,success,1
32927,54,retired,divorced,secondary,no,726,no,no,cellular,28,mar,246,1,-1,0,unknown,1
32928,54,retired,divorced,tertiary,no,726,no,no,cellular,28,jan,1058,1,67,0,unknown,1
32929,54,retired,divorced,tertiary,no,726,no,no,cellular,28,jan,994,1,-1,0,unknown,1
32930,54,retired,divorced,tertiary,no,726,no,no,cellular,28,may,1283,1,-1,0,unknown,1
32931,38,management,married,tertiary,no,63092,yes,no,cellular,13,apr,240,1,179,2,failure,0
32932,38,unemployed,married,tertiary,no,413,no,no,cellular,13,apr,240,1,30,2,failure,0
32933,38,management,married,tertiary,no,413,no,no,cellular,13,apr,240,1,318,2,failure,0
32934,38,entrepreneur,married,tertiary,no,95738,no,no,cellular,13,apr,240,1,179,2,failure,0
32935,38,management,married,tertiary,yes,413,no,no,cellular,13,nov,240,1,179,2,failure,0
32936,79,entrepreneur,married,tertiary,no,125,yes,no,unknown,6,mar,1329,3,-1,0,unknown,0
32937,36,entrepreneur,married,tertiary,no,125,yes,no,cellular,6,may,1970,3,-1,0,unknown,1
32938,36,entrepreneur,married,tertiary,no,125,no,no,cellular,6,may,947,3,-1,0,unknown,0
32939,36,entrepreneur,married,tertiary,no,125,yes,no,cellular,6,may,690,3,-1,0,success,1
32940,36,entrepreneur,divorced,tertiary,no,125,yes,no,unknown,6,may,1658,3,-1,0,unknown,1
32941,40,entrepreneur,married,tertiary,no,13669,no,no,cellular,15,oct,1456,1,136,8,other,1
32942,40,self-employed,married,tertiary,no,5166,no,no,cellular,15,oct,138,1,136,8,success,1
32943,40,self-employed,married,tertiary,no,13669,no,no,cellular,15,oct,1456,1,136,8,other,1
32944,40,self-employed,married,tertiary,no,13669,no,no,cellular,15,sep,1113,1,136,8,other,1
32945,40,self-employed,married,tertiary,no,13669,no,no,cellular,15,oct,1113,1,136,8,other,1
32946,35,technician,married,secondary,no,8,yes,yes,cellular,20,apr,1792,6,-1,0,unknown,1
32947,35,technician,married,secondary,no,8,yes,yes,cellular,20,apr,1809,6,-1,0,unknown,1
32948,35,student,married,secondary,no,8,yes,yes,cellular,20,apr,1051,6,-1,0,unknown,1
32949,35,technician,married,secondary,no,8,yes,yes,cellular,20,dec,1440,6,-1,0,unknown,1
32950,35,technician,married,secondary,no,8,yes,yes,cellular,20,apr,1462,6,-1,0,unknown,1
32951,57,housemaid,married,tertiary,no,3760,yes,no,cellular,17,nov,1070,1,251,0,unknown,1
32952,57,housemaid,married,tertiary,no,3760,yes,no,cellular,17,nov,1070,1,-1,275,unknown,1
32953,57,housemaid,divorced,tertiary,no,3760,no,no,cellular,17,apr,1070,1,-1,0,unknown,1
32954,57,housemaid,married,tertiary,no,3760,yes,no,cellular,17,nov,1070,1,-1,0,success,1
32955,57,housemaid,married,tertiary,no,3760,yes,no,cellular,17,nov,1070,1,237,0,unknown,1
32956,31,services,married,secondary,no,-331,yes,no,unknown,23,may,1452,5,-1,0,unknown,1
32957,31,services,married,secondary,no,-331,yes,no,unknown,23,may,1616,5,-1,4,unknown,1
32958,31,services,married,secondary,no,-331,no,no,unknown,23,may,1677,5,-1,0,unknown,1
32959,31,services,married,secondary,no,-331,yes,no,unknown,23,may,3366,5,-1,0,unknown,1
32960,31,services,married,secondary,no,60389,yes,no,unknown,23,may,1275,5,-1,0,unknown,1
32961,60,retired,married,primary,no,-6711,yes,no,unknown,16,may,964,1,-1,0,unknown,1
32962,60,retired,married,primary,no,458,yes,no,unknown,16,may,935,1,-1,0,unknown,1
32963,60,retired,married,primary,no,458,yes,no,unknown,16,may,923,1,-1,0,unknown,1
32964,60,retired,married,primary,no,458,yes,no,unknown,16,may,1287,1,393,0,unknown,1
32965,60,retired,married,primary,no,458,yes,no,unknown,16,may,949,1,-1,0,unknown,0
32966,48,entrepreneur,married,tertiary,no,0,yes,no,cellular,17,apr,1532,2,-1,0,unknown,1
32967,48,entrepreneur,married,tertiary,no,0,yes,no,cellular,17,apr,1392,2,-1,24,unknown,1
32968,48,entrepreneur,married,tertiary,no,0,yes,no,cellular,17,apr,1217,2,-1,0,unknown,1
32969,48,entrepreneur,married,tertiary,no,0,yes,no,cellular,17,apr,1166,2,-1,0,unknown,0
32970,48,entrepreneur,married,tertiary,no,0,yes,no,cellular,17,apr,1616,2,207,0,unknown,1
32971,23,student,single,tertiary,no,82,no,no,cellular,4,may,680,4,-1,38,unknown,1
32972,23,student,single,tertiary,no,82,no,no,cellular,4,may,677,4,-1,0,unknown,0
32973,23,student,single,tertiary,no,82,no,no,cellular,4,apr,289,4,-1,0,unknown,0
32974,23,student,single,tertiary,no,82,no,no,cellular,4,mar,289,4,-1,0,unknown,1
32975,23,student,single,tertiary,no,82,no,no,cellular,4,may,1622,4,-1,0,unknown,1
32976,36,management,married,unknown,no,0,no,no,unknown,5,jun,1573,1,264,0,unknown,1
32977,36,management,single,unknown,no,0,no,no,unknown,5,jun,1212,1,-1,0,unknown,1
32978,36,management,single,unknown,no,0,no,no,unknown,5,jun,1426,1,-1,0,unknown,1
32979,36,management,married,unknown,no,0,no,no,cellular,5,jun,719,1,-1,0,unknown,1
32980,36,management,married,unknown,no,0,no,no,cellular,5,jun,888,1,-1,0,unknown,1
32981,37,management,married,unknown,no,879,no,no,cellular,20,may,291,2,202,5,other,0
32982,37,management,married,tertiary,no,-7980,yes,no,cellular,20,may,291,2,202,5,other,0
32983,37,management,married,tertiary,no,3236,no,yes,cellular,20,may,291,58,202,5,other,0
32984,37,management,married,tertiary,no,3236,no,no,cellular,20,may,291,2,202,24,failure,0
32985,34,management,married,tertiary,no,3236,no,yes,cellular,20,may,291,2,202,5,other,0
32986,33,blue-collar,single,primary,no,-104,yes,no,cellular,15,may,856,10,331,16,other,1
32987,27,blue-collar,single,primary,no,-104,yes,no,cellular,15,may,806,10,331,16,other,1
32988,33,blue-collar,single,primary,no,-104,yes,no,cellular,15,may,948,10,331,16,other,1
32989,33,blue-collar,single,primary,no,-104,yes,no,cellular,15,may,851,10,331,16,other,1
32990,33,blue-collar,single,primary,no,-104,yes,no,cellular,15,may,806,10,331,16,other,1
32991,32,technician,married,secondary,no,1247,yes,no,unknown,23,may,3078,3,-1,0,unknown,1
32992,32,technician,married,secondary,no,1247,yes,no,unknown,23,feb,1014,3,-1,0,unknown,1
32993,32,technician,married,secondary,no,1247,yes,no,unknown,23,may,1602,3,-1,0,unknown,1
32994,32,technician,married,secondary,no,1247,yes,no,unknown,23,may,1044,3,-1,0,unknown,1
32995,32,technician,married,secondary,no,1247,yes,no,unknown,23,may,1097,3,-1,0,unknown,0
32996,41,technician,married,secondary,no,2152,no,no,cellular,30,may,1250,1,121,1,other,1
32997,41,technician,divorced,secondary,no,2152,no,no,cellular,30,sep,538,1,121,1,other,1
32998,41,technician,married,secondary,no,2152,no,no,cellular,30,sep,526,1,372,1,other,1
32999,41,management,married,secondary,no,2152,no,no,cellular,30,sep,134,1,121,1,success,1
33000,41,technician,married,secondary,no,2152,no,no,cellular,30,sep,904,1,121,1,failure,1
33001,44,blue-collar,married,secondary,no,4236,yes,no,cellular,22,may,1224,3,-1,0,unknown,1
33002,44,blue-collar,married,unknown,no,4236,yes,no,cellular,4,may,1211,3,-1,0,unknown,1
33003,44,management,married,secondary,no,4236,yes,no,cellular,4,mar,378,3,-1,0,unknown,1
33004,44,blue-collar,married,secondary,no,4236,yes,no,cellular,4,may,598,3,792,0,unknown,1
33005,51,blue-collar,married,secondary,no,4236,yes,no,cellular,4,may,1330,3,-1,0,unknown,1
33006,40,blue-collar,single,secondary,no,3571,yes,no,cellular,10,jul,1597,1,-1,0,unknown,1
33007,40,blue-collar,single,secondary,no,3571,yes,no,cellular,10,jul,1957,1,-1,25,unknown,1
33008,40,blue-collar,single,secondary,no,3571,yes,no,cellular,10,jul,1181,1,-1,0,unknown,1
33009,40,blue-collar,single,secondary,no,3571,yes,yes,cellular,10,jul,2372,1,-1,0,unknown,1
33010,40,blue-collar,single,secondary,no,3571,yes,no,cellular,10,jun,262,1,535,0,unknown,1
33011,52,blue-collar,married,secondary,no,3165,no,no,unknown,6,may,1492,1,-1,0,unknown,1
33012,36,blue-collar,married,secondary,no,3165,no,no,unknown,6,may,2029,1,-1,0,unknown,1
33013,52,blue-collar,married,secondary,no,3165,no,no,unknown,6,may,1408,1,-1,0,unknown,1
33014,52,blue-collar,married,secondary,no,3165,yes,no,unknown,6,may,1134,1,-1,0,unknown,1
33015,52,blue-collar,married,secondary,no,3165,no,no,unknown,6,jan,1467,1,-1,0,unknown,1
33016,27,technician,single,tertiary,no,1526,yes,no,unknown,6,jun,1293,10,-1,0,unknown,1
33017,27,technician,single,tertiary,no,1526,yes,no,unknown,6,jun,1806,10,-1,0,unknown,1
33018,27,technician,single,tertiary,no,1526,yes,no,unknown,6,jun,1502,10,-1,0,unknown,1
33019,27,technician,single,tertiary,no,1526,no,no,unknown,6,jun,1502,10,-1,0,unknown,1
33020,27,technician,single,tertiary,no,1526,yes,no,unknown,31,jun,1148,10,-1,0,unknown,1
33021,34,blue-collar,married,secondary,no,322,yes,no,cellular,20,may,1341,3,-1,0,unknown,1
33022,34,services,married,secondary,no,322,yes,no,cellular,20,apr,2372,3,-1,0,unknown,1
33023,34,blue-collar,married,secondary,no,322,no,no,cellular,20,apr,1745,3,-1,0,unknown,1
33024,34,blue-collar,married,secondary,no,322,yes,no,cellular,20,apr,1152,3,-1,0,unknown,1
33025,34,blue-collar,married,secondary,no,322,yes,no,cellular,20,apr,1244,3,-1,0,unknown,1
33026,75,admin.,married,secondary,no,26,yes,no,cellular,21,jul,1882,10,-1,0,unknown,1
33027,74,admin.,married,secondary,no,26,yes,no,cellular,21,jul,1207,10,-1,0,unknown,0
33028,44,admin.,married,secondary,no,26,yes,no,cellular,21,jul,2301,10,674,0,unknown,1
33029,44,admin.,married,secondary,no,26,yes,no,cellular,21,jul,1499,10,-1,0,unknown,1
33030,44,admin.,married,secondary,no,26,yes,no,cellular,21,jul,977,10,-1,0,unknown,1
33031,39,retired,single,secondary,no,822,yes,yes,unknown,29,may,1368,3,456,0,unknown,1
33032,39,entrepreneur,single,secondary,no,822,yes,no,unknown,29,may,901,3,-1,0,unknown,1
33033,39,technician,single,secondary,no,822,yes,yes,cellular,12,may,746,3,-1,0,unknown,1
33034,39,technician,single,secondary,no,822,yes,yes,unknown,29,oct,821,3,-1,0,unknown,1
33035,39,technician,single,secondary,no,39806,yes,yes,unknown,29,oct,576,3,-1,0,unknown,0
33036,31,unemployed,married,tertiary,no,7744,no,no,cellular,26,aug,1435,8,-1,0,unknown,1
33037,31,unemployed,married,tertiary,no,7744,no,no,cellular,26,apr,982,8,-1,0,unknown,1
33038,31,unemployed,married,tertiary,no,7744,no,no,unknown,26,aug,2456,8,-1,0,unknown,1
33039,31,unemployed,married,tertiary,no,7744,no,no,cellular,26,jun,840,8,-1,0,unknown,1
33040,31,unemployed,married,tertiary,no,7744,no,no,cellular,28,aug,988,8,-1,0,unknown,1
33041,55,services,married,secondary,no,96,no,no,telephone,30,jul,3322,2,-1,0,unknown,1
33042,55,services,married,secondary,yes,96,no,no,telephone,30,jul,1820,2,-1,0,unknown,1
33043,55,services,married,secondary,no,96,no,no,telephone,30,jul,953,2,-1,37,unknown,1
33044,55,services,married,secondary,yes,96,no,no,telephone,30,jul,872,2,-1,0,unknown,0
33045,55,services,married,secondary,no,96,no,no,telephone,22,jul,1010,2,-1,0,unknown,1
33046,44,technician,married,secondary,no,0,yes,no,unknown,2,jun,884,1,-1,0,unknown,1
33047,44,technician,married,secondary,yes,0,no,no,unknown,2,jun,1223,1,-1,0,unknown,1
33048,44,technician,married,secondary,no,0,no,no,unknown,2,jun,849,1,-1,0,success,0
33049,44,technician,married,secondary,no,0,no,no,unknown,2,jun,1600,1,-1,0,unknown,1
33050,44,technician,married,secondary,no,0,no,no,unknown,28,oct,302,1,-1,0,unknown,1
33051,51,management,single,tertiary,no,1146,yes,yes,unknown,19,apr,1812,4,-1,0,unknown,1
33052,51,management,divorced,tertiary,no,1146,yes,yes,unknown,19,may,1168,4,-1,0,unknown,1
33053,51,management,single,tertiary,no,1146,yes,yes,unknown,19,mar,1275,4,-1,0,unknown,1
33054,51,management,single,tertiary,no,1146,yes,no,unknown,19,may,1806,4,-1,0,unknown,1
33055,51,management,single,tertiary,no,1146,yes,yes,unknown,19,may,873,4,436,0,unknown,1
33056,41,blue-collar,married,secondary,no,1521,yes,no,cellular,8,aug,1244,4,-1,0,unknown,1
33057,41,blue-collar,married,secondary,no,1521,yes,no,cellular,8,mar,717,4,-1,0,unknown,1
33058,55,blue-collar,married,secondary,no,1521,yes,no,cellular,8,apr,1363,4,-1,0,unknown,1
33059,41,blue-collar,married,secondary,no,1521,yes,yes,cellular,8,apr,886,4,-1,0,unknown,1
33060,41,blue-collar,married,secondary,no,1521,yes,yes,cellular,8,apr,905,4,-1,0,unknown,1
33061,38,management,single,tertiary,no,0,no,no,cellular,24,jul,1946,1,-1,0,unknown,1
33062,38,management,single,tertiary,no,0,no,no,cellular,24,jul,1663,1,-1,0,unknown,1
33063,38,management,single,unknown,no,0,no,no,cellular,24,jul,1484,1,-1,0,unknown,1
33064,38,unemployed,single,tertiary,no,0,no,no,cellular,24,jul,806,1,-1,0,unknown,0
33065,38,management,single,tertiary,no,0,no,no,cellular,24,jul,1789,1,-1,0,unknown,1
33066,33,management,single,tertiary,no,5145,yes,no,cellular,14,may,338,1,557,2,other,1
33067,33,management,single,primary,no,5145,yes,no,cellular,14,may,1789,1,175,2,other,1
33068,33,management,single,tertiary,no,5145,yes,no,cellular,14,may,798,1,175,2,other,1
33069,33,management,single,tertiary,no,5145,yes,no,cellular,14,may,1611,1,175,2,other,1
33070,33,management,single,tertiary,no,5145,no,no,cellular,14,may,338,1,551,2,other,1
33071,32,retired,divorced,primary,no,4805,no,yes,cellular,4,jul,1975,3,-1,0,unknown,1
33072,32,blue-collar,single,primary,no,4805,no,yes,cellular,4,jul,2456,3,-1,0,unknown,1
33073,32,blue-collar,divorced,primary,no,4805,no,yes,cellular,4,jul,990,3,-1,0,unknown,1
33074,32,blue-collar,divorced,primary,no,4805,no,yes,cellular,4,jul,1975,3,-1,0,unknown,1
33075,32,blue-collar,divorced,primary,no,4805,no,yes,cellular,4,jul,1702,3,-1,0,unknown,1
33076,39,blue-collar,single,primary,no,1014,no,no,cellular,30,jul,1187,4,-1,0,unknown,1
33077,39,blue-collar,married,primary,no,1014,no,no,cellular,30,jul,1132,4,-1,0,other,1
33078,85,blue-collar,married,primary,no,1014,no,no,cellular,30,jul,261,4,-1,30,unknown,0
33079,39,blue-collar,married,primary,no,1014,no,no,cellular,30,oct,747,4,-1,0,unknown,1
33080,39,blue-collar,married,primary,no,1014,no,no,cellular,30,jul,1310,4,-1,0,other,0
33081,45,technician,married,secondary,no,1818,no,no,cellular,2,feb,1372,1,241,2,unknown,1
33082,45,technician,married,secondary,no,1818,no,no,cellular,29,feb,197,1,241,2,success,1
33083,45,housemaid,married,secondary,no,1818,no,no,cellular,2,feb,197,1,241,2,success,1
33084,45,technician,married,secondary,no,1818,no,no,cellular,2,feb,197,1,241,26,success,1
33085,45,self-employed,married,secondary,no,1818,no,no,cellular,2,feb,197,1,241,2,success,1
33086,36,unemployed,married,primary,no,771,yes,no,cellular,8,may,1361,1,-1,0,unknown,1
33087,36,unemployed,married,primary,no,771,yes,no,cellular,17,may,1089,1,-1,0,unknown,1
33088,36,unemployed,married,primary,no,771,yes,no,cellular,8,may,1183,1,-1,0,unknown,0
33089,36,unemployed,married,primary,no,771,yes,no,cellular,8,may,1203,1,-1,0,unknown,0
33090,36,unemployed,married,unknown,no,771,yes,no,cellular,8,may,1341,1,-1,0,unknown,1
33091,37,blue-collar,married,secondary,no,32,yes,no,unknown,10,may,1567,2,-1,0,unknown,1
33092,37,blue-collar,married,secondary,no,49124,yes,no,unknown,20,may,2621,2,-1,0,unknown,1
33093,37,blue-collar,married,secondary,no,32,yes,no,unknown,20,may,1617,2,-1,0,unknown,0
33094,92,blue-collar,married,secondary,no,32,yes,no,unknown,20,may,1541,2,-1,0,unknown,1
33095,37,blue-collar,married,secondary,no,32,yes,no,unknown,20,may,1387,2,-1,0,unknown,0
33096,56,unemployed,married,secondary,no,12,no,no,cellular,12,dec,511,3,187,1,other,0
33097,56,blue-collar,married,secondary,no,12,no,yes,cellular,12,oct,511,3,187,1,failure,0
33098,56,unemployed,married,secondary,no,12,no,no,cellular,12,oct,283,3,187,1,failure,0
33099,56,unemployed,married,secondary,no,12,no,no,cellular,12,nov,349,3,187,1,failure,0
33100,63,unemployed,married,secondary,no,12,no,no,cellular,12,oct,511,44,187,1,failure,0
33101,35,management,divorced,secondary,no,3161,no,no,telephone,27,jul,542,2,-1,0,unknown,0
33102,58,management,divorced,secondary,no,3161,no,no,telephone,16,jul,989,2,-1,0,unknown,0
33103,58,management,divorced,secondary,no,73417,no,yes,telephone,30,jul,542,2,-1,0,unknown,0
33104,58,management,divorced,unknown,no,100646,no,no,telephone,30,jul,542,2,-1,0,unknown,0
33105,58,management,divorced,secondary,no,3161,no,no,telephone,30,jul,290,2,-1,0,unknown,0
33106,36,unemployed,divorced,secondary,no,8267,no,no,unknown,18,jun,1720,35,-1,0,unknown,1
33107,36,unemployed,divorced,secondary,no,8267,yes,no,unknown,18,jun,1404,2,-1,0,unknown,1
33108,36,unemployed,divorced,tertiary,no,8267,no,no,cellular,18,jun,321,2,-1,0,unknown,0
33109,36,unemployed,divorced,secondary,no,8267,no,no,cellular,18,jun,321,2,-1,0,success,1
33110,36,unemployed,divorced,tertiary,no,8267,no,no,unknown,18,mar,321,2,-1,0,unknown,1
33111,30,management,single,tertiary,no,638,no,no,cellular,20,apr,483,2,53,6,other,0
33112,30,management,single,tertiary,no,638,yes,no,cellular,20,apr,483,55,792,6,other,1
33113,30,management,single,tertiary,no,638,yes,no,cellular,20,jun,483,2,78,6,other,1
33114,30,management,single,tertiary,no,638,yes,no,cellular,20,apr,800,2,291,6,success,1
33115,30,management,single,tertiary,no,638,yes,no,cellular,20,mar,483,2,79,6,other,1
33116,34,management,married,tertiary,no,527,no,no,cellular,4,nov,272,1,-1,0,success,1
33117,34,management,married,tertiary,no,527,no,no,cellular,12,nov,272,1,-1,0,success,1
33118,34,management,married,tertiary,no,527,no,no,cellular,4,nov,1018,1,189,0,unknown,1
33119,34,management,married,tertiary,no,527,no,no,cellular,4,nov,1357,1,-1,0,unknown,1
33120,34,management,married,tertiary,no,527,no,no,cellular,4,nov,1426,1,-1,0,unknown,1
33121,56,unemployed,divorced,primary,no,802,no,no,telephone,3,feb,258,2,-1,4,success,1
33122,56,unemployed,divorced,primary,no,802,no,no,telephone,3,feb,569,2,-1,0,success,1
33123,81,unemployed,divorced,primary,no,802,no,no,telephone,3,feb,258,2,-1,0,success,1
33124,56,unemployed,divorced,primary,no,802,no,no,telephone,3,feb,1464,2,-1,0,success,1
33125,67,unemployed,divorced,primary,no,802,no,no,telephone,3,apr,258,2,-1,0,unknown,1
33126,34,management,married,tertiary,no,3301,yes,no,cellular,4,apr,485,2,227,4,failure,0
33127,34,management,married,tertiary,no,3301,yes,no,telephone,17,jun,892,2,227,4,failure,0
33128,34,management,married,tertiary,no,3301,yes,no,cellular,27,nov,485,2,227,4,failure,0
33129,34,management,married,tertiary,no,84939,yes,no,cellular,17,may,485,2,227,4,failure,0
33130,80,management,married,tertiary,no,3301,yes,no,cellular,17,jan,485,2,227,4,failure,0
33131,28,management,single,tertiary,no,111,yes,yes,cellular,28,jul,1416,11,-1,0,unknown,1
33132,28,management,single,tertiary,yes,111,yes,yes,cellular,28,jul,939,2,-1,0,unknown,1
33133,28,management,single,tertiary,no,111,yes,yes,cellular,28,jul,915,2,-1,0,unknown,1
33134,28,management,single,tertiary,no,111,yes,yes,cellular,28,jul,905,2,-1,0,unknown,1
33135,28,management,single,tertiary,no,111,yes,yes,cellular,28,jul,850,2,-1,0,unknown,1
33136,36,management,married,tertiary,no,532,yes,no,cellular,14,may,1392,1,-1,0,unknown,1
33137,36,management,married,secondary,no,93961,yes,no,cellular,14,may,603,1,-1,0,unknown,0
33138,36,management,married,tertiary,no,532,yes,no,cellular,14,may,1121,1,-1,3,unknown,1
33139,36,management,married,tertiary,no,532,yes,no,cellular,14,may,1230,6,-1,0,unknown,1
33140,23,management,married,tertiary,no,532,yes,no,cellular,14,may,1059,1,-1,0,unknown,1
33141,46,admin.,divorced,secondary,no,99,no,no,unknown,14,dec,1721,1,-1,0,unknown,1
33142,46,admin.,divorced,secondary,no,99,no,no,unknown,14,jul,1767,1,-1,0,success,1
33143,46,admin.,divorced,secondary,no,99,no,no,unknown,14,jul,1491,1,-1,0,unknown,1
33144,46,admin.,divorced,secondary,no,99,no,no,unknown,14,jul,1341,1,250,0,unknown,1
33145,46,admin.,divorced,secondary,no,99,no,no,cellular,14,jul,897,1,-1,0,unknown,1
33146,71,retired,single,tertiary,no,2651,no,no,cellular,24,aug,891,3,200,2,failure,1
33147,71,retired,married,tertiary,no,2651,no,no,cellular,24,oct,949,3,200,2,failure,1
33148,71,retired,married,tertiary,no,2651,no,no,cellular,24,aug,964,3,200,2,failure,1
33149,71,retired,married,tertiary,no,2651,no,no,cellular,24,aug,917,3,200,2,failure,1
33150,71,retired,married,tertiary,no,2651,no,no,cellular,24,aug,741,3,333,2,failure,1
33151,29,admin.,single,primary,no,8,no,no,cellular,28,apr,468,1,-1,0,unknown,1
33152,29,admin.,single,tertiary,no,8,no,no,telephone,28,jan,1206,1,-1,0,unknown,1
33153,29,admin.,single,tertiary,no,8,no,no,cellular,28,jan,903,1,-1,0,unknown,1
33154,29,admin.,single,tertiary,no,8,no,no,cellular,28,jan,819,1,-1,0,failure,1
33155,29,admin.,single,tertiary,no,8,no,no,cellular,28,jan,1777,1,-1,0,unknown,1
33156,51,unknown,married,tertiary,no,27535,no,no,unknown,18,jun,1516,4,-1,0,unknown,1
33157,51,unknown,married,unknown,no,167,no,no,cellular,18,dec,1060,4,-1,0,unknown,1
33158,51,unknown,married,tertiary,no,167,no,no,unknown,18,jun,1869,4,-1,0,unknown,1
33159,51,unknown,married,unknown,no,167,no,no,cellular,18,jun,878,4,589,0,unknown,1
33160,51,unknown,married,tertiary,no,167,no,no,unknown,13,jun,1869,4,-1,0,unknown,1
33161,40,admin.,married,secondary,no,3234,no,no,unknown,6,jun,1597,1,-1,0,unknown,1
33162,40,admin.,married,secondary,no,3234,no,no,unknown,6,jun,1600,1,-1,0,unknown,1
33163,40,admin.,married,secondary,no,3234,no,no,unknown,6,jan,1492,1,-1,0,unknown,1
33164,40,admin.,married,secondary,no,3234,no,no,unknown,6,jun,3183,1,-1,0,unknown,1
33165,40,admin.,married,secondary,no,3234,no,no,unknown,6,jun,2453,1,-1,0,unknown,1
33166,28,blue-collar,married,secondary,no,2322,no,no,cellular,16,jul,918,4,-1,0,unknown,0
33167,20,blue-collar,married,secondary,no,2322,no,no,cellular,8,jul,939,4,-1,0,unknown,0
33168,28,blue-collar,married,secondary,no,2322,no,no,cellular,8,jul,1410,4,-1,0,unknown,1
33169,28,blue-collar,married,secondary,no,2322,no,no,cellular,8,jul,1446,4,-1,0,unknown,1
33170,28,blue-collar,married,secondary,no,2322,no,no,cellular,8,aug,873,4,-1,0,unknown,1
33171,63,technician,married,secondary,no,973,no,no,cellular,25,dec,318,1,388,1,failure,0
33172,63,technician,married,secondary,no,973,no,no,cellular,22,feb,318,1,388,1,failure,0
33173,63,technician,married,secondary,no,973,no,no,cellular,25,feb,84,30,388,1,success,0
33174,63,technician,married,secondary,no,973,no,no,cellular,10,feb,318,1,388,1,failure,0
33175,63,technician,married,secondary,no,973,no,no,cellular,25,feb,318,1,388,55,failure,0
33176,47,blue-collar,married,secondary,no,1348,no,yes,cellular,4,mar,255,1,-1,0,success,1
33177,47,unemployed,married,secondary,no,1348,no,yes,cellular,4,aug,255,1,-1,0,success,1
33178,47,blue-collar,married,secondary,no,1348,no,yes,cellular,4,aug,869,1,-1,0,unknown,1
33179,47,blue-collar,divorced,secondary,no,1348,no,yes,cellular,4,aug,1052,1,-1,0,unknown,1
33180,47,blue-collar,married,secondary,no,1348,yes,yes,cellular,4,aug,255,1,-1,0,success,0
33181,46,management,married,tertiary,no,385,yes,no,unknown,29,oct,139,4,-1,0,unknown,1
33182,88,management,married,tertiary,no,385,yes,no,unknown,29,oct,882,4,-1,0,unknown,1
33183,46,management,divorced,tertiary,no,385,yes,no,unknown,17,may,3025,4,-1,0,unknown,1
33184,46,management,married,tertiary,no,385,no,no,unknown,29,may,1007,4,-1,0,unknown,0
33185,46,management,divorced,tertiary,no,385,yes,no,unknown,29,may,1031,4,58,0,unknown,1
33186,32,services,divorced,secondary,no,1066,yes,no,unknown,19,may,851,9,-1,0,unknown,1
33187,32,services,married,secondary,no,17635,yes,no,unknown,19,may,3881,9,-1,0,unknown,1
33188,32,services,married,secondary,no,1066,yes,no,unknown,19,may,1917,9,-1,8,unknown,1
33189,60,services,married,secondary,no,1066,yes,no,unknown,19,may,1353,9,-1,0,unknown,1
33190,32,services,married,secondary,no,1066,yes,no,unknown,19,may,1658,9,-1,0,unknown,1
33191,89,blue-collar,married,primary,no,3498,no,no,cellular,15,jul,1103,2,456,2,success,1
33192,57,blue-collar,married,primary,no,3498,no,no,cellular,15,jul,1488,2,223,2,success,1
33193,57,blue-collar,divorced,primary,no,3498,no,no,cellular,15,jul,481,2,456,2,success,1
33194,57,blue-collar,married,tertiary,no,3498,no,no,cellular,26,jul,210,2,456,2,success,1
33195,57,services,married,primary,no,3498,no,no,cellular,15,jul,210,2,330,2,success,0
33196,47,blue-collar,divorced,secondary,no,1815,yes,no,cellular,5,feb,1135,1,253,4,failure,1
33197,47,blue-collar,divorced,secondary,no,1815,yes,no,cellular,5,feb,773,1,253,4,failure,1
33198,47,admin.,divorced,secondary,no,1815,yes,no,cellular,5,feb,1973,1,253,4,failure,1
33199,47,blue-collar,divorced,secondary,no,1815,yes,no,cellular,5,feb,704,1,253,4,failure,0
33200,47,blue-collar,divorced,secondary,no,1815,yes,no,cellular,5,feb,2150,1,253,4,failure,1
33201,29,admin.,single,secondary,no,768,yes,no,cellular,24,jul,1789,5,-1,0,unknown,1
33202,29,admin.,divorced,secondary,no,768,yes,no,cellular,24,jul,2621,5,-1,0,unknown,1
33203,29,admin.,married,secondary,no,768,yes,no,cellular,24,jul,1268,5,-1,0,unknown,1
33204,29,admin.,single,unknown,no,768,yes,no,cellular,24,jul,953,5,-1,0,unknown,1
33205,29,admin.,single,secondary,no,768,yes,no,cellular,24,jul,1191,5,-1,40,unknown,0
33206,30,management,single,tertiary,no,2419,no,yes,cellular,5,jun,707,2,-1,0,unknown,1
33207,30,management,single,tertiary,no,2419,yes,yes,cellular,5,jun,653,2,-1,0,unknown,1
33208,30,management,single,tertiary,no,2419,no,yes,cellular,28,jun,608,2,-1,0,unknown,1
33209,30,management,single,tertiary,no,2419,no,yes,cellular,5,jun,1702,2,-1,0,unknown,1
33210,30,management,single,tertiary,no,2419,no,yes,cellular,5,jun,788,2,-1,0,unknown,1
33211,51,services,married,primary,no,-553,yes,no,unknown,4,jun,1973,8,-1,0,unknown,1
33212,51,admin.,married,primary,no,-553,yes,no,unknown,4,jun,2692,8,-1,0,unknown,1
33213,51,services,married,primary,no,-553,yes,no,unknown,22,jun,1880,8,-1,0,unknown,1
33214,51,services,married,primary,no,-553,yes,yes,unknown,4,jun,1241,8,-1,0,unknown,1
33215,51,services,married,primary,no,-553,yes,no,telephone,4,jun,1687,8,-1,0,unknown,1
33216,54,unemployed,married,primary,yes,6427,yes,no,telephone,19,nov,2016,1,-1,0,unknown,1
33217,54,unemployed,married,primary,no,9590,yes,no,telephone,19,nov,2456,1,-1,0,unknown,0
33218,54,unemployed,married,primary,no,6427,yes,no,telephone,19,may,1735,1,-1,0,unknown,1
33219,54,unemployed,married,primary,no,6427,yes,no,telephone,19,nov,1424,1,-1,0,unknown,1
33220,54,unemployed,married,primary,no,6427,yes,no,telephone,19,nov,1805,1,-1,0,unknown,1
33221,30,blue-collar,married,secondary,no,3653,yes,yes,unknown,6,jun,1244,4,-1,0,unknown,1
33222,30,blue-collar,married,secondary,no,3653,yes,yes,unknown,6,jun,992,4,-1,0,unknown,0
33223,30,blue-collar,married,secondary,no,3653,yes,yes,unknown,6,jun,1602,4,-1,0,success,1
33224,30,blue-collar,married,secondary,no,3653,yes,yes,cellular,6,jun,1162,4,-1,0,unknown,1
33225,30,blue-collar,married,secondary,no,3653,yes,yes,unknown,6,jun,1297,4,-1,0,unknown,1
33226,45,services,married,tertiary,no,548,no,no,cellular,11,aug,702,4,-1,0,unknown,1
33227,45,technician,married,tertiary,no,548,no,no,cellular,11,aug,1092,4,-1,0,unknown,1
33228,45,technician,married,tertiary,no,548,no,no,cellular,11,mar,108,4,184,0,unknown,1
33229,45,blue-collar,married,tertiary,no,548,no,no,cellular,11,aug,662,4,-1,0,unknown,1
33230,45,technician,married,unknown,no,548,no,no,cellular,11,aug,3322,4,-1,0,unknown,1
33231,30,management,single,tertiary,no,13,no,no,cellular,15,jul,1380,3,-1,0,unknown,1
33232,30,management,single,tertiary,no,13,no,no,cellular,15,jun,1048,3,-1,0,unknown,1
33233,30,management,single,tertiary,no,13,no,yes,cellular,15,jul,907,3,-1,0,unknown,1
33234,30,management,single,tertiary,no,13,no,no,cellular,4,jul,1129,3,-1,0,unknown,1
33235,30,management,single,tertiary,no,13,no,no,cellular,15,jul,899,3,-1,0,unknown,1
33236,46,management,divorced,tertiary,no,665,yes,no,cellular,14,feb,1342,2,207,1,other,1
33237,46,management,divorced,tertiary,no,665,yes,no,cellular,2,feb,976,2,207,1,other,1
33238,46,management,divorced,tertiary,no,665,yes,no,cellular,2,feb,1871,2,207,1,other,1
33239,46,management,divorced,tertiary,no,665,yes,no,cellular,2,feb,1628,2,207,1,other,1
33240,46,management,divorced,tertiary,no,665,yes,no,cellular,2,feb,996,2,207,1,other,0
33241,81,management,married,primary,no,321,yes,no,cellular,30,jul,918,4,389,0,unknown,1
33242,56,blue-collar,married,primary,no,321,yes,no,cellular,30,jul,918,4,-1,0,unknown,0
33243,45,management,single,primary,no,321,yes,no,cellular,30,sep,918,4,-1,0,unknown,1
33244,45,management,married,primary,no,321,yes,no,cellular,30,jul,918,4,210,0,success,1
33245,78,management,married,primary,no,-378,yes,no,cellular,30,jul,918,4,-1,0,unknown,0
33246,84,admin.,single,unknown,no,-6773,no,no,cellular,8,jul,705,1,-1,0,unknown,0
33247,28,admin.,single,unknown,no,2736,no,no,telephone,8,jul,157,1,-1,0,unknown,0
33248,28,admin.,single,unknown,no,2736,yes,no,cellular,8,jul,558,1,-1,0,unknown,0
33249,28,admin.,single,unknown,no,2736,no,no,cellular,8,jul,190,1,-1,21,unknown,0
33250,28,blue-collar,married,unknown,no,2736,no,no,cellular,8,jul,705,1,-1,0,unknown,0
33251,24,student,single,secondary,no,100834,no,no,cellular,17,apr,143,1,-1,0,unknown,1
33252,24,student,single,secondary,no,372,yes,no,cellular,17,apr,786,1,-1,0,unknown,1
33253,24,student,single,secondary,no,372,yes,no,cellular,17,jun,1473,1,-1,0,unknown,1
33254,24,student,single,secondary,no,372,yes,no,cellular,17,apr,1377,1,-1,0,unknown,1
33255,77,student,single,secondary,no,372,yes,no,cellular,17,apr,1914,1,-1,0,unknown,1
33256,57,admin.,married,secondary,no,169,yes,no,cellular,3,aug,369,1,-1,0,unknown,0
33257,43,management,married,secondary,no,169,no,no,cellular,3,feb,369,1,-1,0,unknown,0
33258,57,technician,married,secondary,yes,169,no,no,cellular,3,feb,369,1,-1,0,unknown,0
33259,57,admin.,married,secondary,no,169,no,yes,cellular,3,sep,369,1,-1,0,unknown,0
33260,57,unemployed,married,secondary,no,169,no,no,cellular,3,feb,369,1,-1,55,unknown,0
33261,28,management,single,tertiary,no,355,yes,yes,cellular,28,mar,300,4,-1,18,unknown,1
33262,28,management,divorced,tertiary,no,355,yes,yes,unknown,28,jan,2330,4,-1,0,unknown,1
33263,28,management,single,tertiary,no,355,yes,yes,cellular,28,mar,300,4,-1,0,unknown,1
33264,28,management,single,tertiary,no,355,no,yes,unknown,28,feb,973,4,-1,0,unknown,1
33265,28,management,single,tertiary,no,355,no,yes,unknown,28,apr,1002,4,-1,0,unknown,1
33266,35,services,married,secondary,no,501,yes,yes,cellular,10,jul,1249,8,-1,0,unknown,1
33267,35,services,married,secondary,no,501,yes,yes,cellular,10,jul,907,8,-1,2,unknown,0
33268,35,services,married,secondary,no,501,yes,yes,cellular,10,jul,1469,8,-1,0,unknown,1
33269,35,services,married,secondary,no,501,yes,yes,cellular,10,jun,1224,8,-1,0,unknown,1
33270,35,services,married,secondary,yes,501,yes,yes,cellular,10,jul,1341,8,-1,0,unknown,1
33271,56,admin.,divorced,primary,no,0,no,no,cellular,10,jul,681,1,-1,0,unknown,1
33272,56,admin.,divorced,primary,no,0,no,yes,cellular,10,jul,2055,1,-1,0,unknown,1
33273,56,admin.,divorced,primary,no,0,no,yes,cellular,10,jul,736,1,-1,0,unknown,0
33274,56,admin.,divorced,tertiary,no,0,no,yes,cellular,10,jul,1332,1,-1,0,unknown,1
33275,56,admin.,divorced,primary,no,0,no,yes,cellular,10,jul,542,1,-1,12,success,1
33276,40,housemaid,single,primary,no,322,no,no,unknown,17,jun,1563,2,-1,0,other,1
33277,40,housemaid,married,primary,no,322,no,yes,unknown,17,jun,1980,2,175,0,unknown,1
33278,40,housemaid,married,primary,yes,322,no,yes,unknown,17,jun,1613,2,-1,0,unknown,1
33279,40,housemaid,married,primary,no,322,no,yes,unknown,17,jun,969,2,-1,0,unknown,1
33280,44,housemaid,married,primary,no,322,no,yes,unknown,17,jun,969,2,-1,0,unknown,1
33281,45,blue-collar,married,primary,no,2958,yes,no,cellular,16,apr,580,1,452,2,failure,0
33282,45,blue-collar,married,primary,no,2958,yes,no,cellular,16,apr,580,1,592,2,failure,1
33283,45,blue-collar,married,primary,no,2958,yes,no,cellular,9,apr,580,1,761,2,failure,1
33284,45,blue-collar,married,primary,no,2958,yes,no,cellular,16,apr,580,1,128,2,success,1
33285,45,blue-collar,married,primary,no,2958,yes,no,cellular,16,apr,580,5,774,2,failure,1
33286,49,self-employed,married,tertiary,no,147,no,yes,cellular,2,feb,559,38,189,4,success,1
33287,49,self-employed,married,tertiary,no,147,no,no,cellular,2,feb,559,1,562,4,failure,1
33288,49,self-employed,married,tertiary,no,147,no,yes,cellular,2,feb,559,1,106,4,success,0
33289,79,self-employed,married,tertiary,no,147,no,yes,cellular,2,feb,559,1,189,4,success,1
33290,49,self-employed,married,tertiary,no,147,yes,yes,cellular,2,feb,559,1,189,4,success,1
33291,48,technician,married,secondary,no,759,yes,no,cellular,28,jul,1207,5,-1,0,unknown,1
33292,48,technician,married,secondary,no,759,yes,no,cellular,28,jul,1464,5,469,0,unknown,1
33293,48,technician,married,secondary,no,759,yes,no,cellular,28,jul,929,5,-1,0,unknown,1
33294,48,technician,married,secondary,no,759,no,no,cellular,28,jul,902,5,-1,0,unknown,1
33295,35,technician,married,secondary,no,759,yes,no,cellular,28,jul,1336,5,-1,0,unknown,1
33296,36,management,married,tertiary,no,114,no,no,cellular,13,aug,883,1,-1,0,unknown,1
33297,36,management,married,tertiary,no,114,no,yes,cellular,13,aug,756,1,-1,0,unknown,1
33298,36,management,married,tertiary,yes,114,no,no,cellular,13,aug,342,1,-1,0,success,1
33299,36,management,married,tertiary,no,114,no,no,cellular,13,mar,342,1,-1,0,unknown,1
33300,36,student,married,tertiary,no,114,no,no,cellular,13,aug,1291,1,-1,0,unknown,1
33301,35,services,divorced,secondary,no,44,yes,no,telephone,17,apr,1560,2,-1,0,unknown,1
33302,35,services,married,secondary,no,44,yes,no,telephone,17,oct,377,2,457,0,unknown,1
33303,65,services,married,secondary,no,44,no,no,telephone,17,apr,377,2,-1,0,unknown,1
33304,35,services,married,secondary,no,44,yes,no,telephone,17,sep,377,2,-1,0,unknown,1
33305,35,services,married,secondary,no,44,no,no,telephone,17,apr,958,2,-1,0,unknown,1
33306,29,self-employed,married,tertiary,no,751,no,no,unknown,23,may,1121,2,-1,0,unknown,0
33307,29,self-employed,divorced,tertiary,no,751,yes,no,unknown,23,may,1259,2,-1,0,unknown,1
33308,29,self-employed,divorced,tertiary,no,751,yes,no,unknown,23,may,938,2,-1,0,unknown,1
33309,29,self-employed,single,tertiary,no,751,yes,no,unknown,23,may,955,2,-1,0,unknown,1
33310,29,self-employed,single,tertiary,no,751,yes,no,unknown,23,may,951,2,-1,0,unknown,1
33311,55,entrepreneur,married,tertiary,yes,78,no,no,cellular,18,mar,115,2,-1,0,unknown,1
33312,55,entrepreneur,married,tertiary,no,78,no,no,cellular,18,mar,115,2,-1,26,unknown,0
33313,55,entrepreneur,married,tertiary,no,78,no,no,cellular,18,sep,1422,2,-1,0,unknown,1
33314,55,entrepreneur,married,tertiary,no,78,no,no,cellular,18,nov,743,2,-1,0,success,0
33315,55,entrepreneur,married,secondary,no,78,no,no,cellular,18,nov,985,2,-1,0,unknown,1
33316,27,technician,single,secondary,no,1187,no,no,cellular,26,jan,893,2,-1,0,unknown,1
33317,27,technician,single,secondary,no,1187,no,no,cellular,28,jan,1101,2,-1,0,unknown,1
33318,27,technician,single,secondary,no,1187,no,yes,cellular,28,jan,819,2,-1,0,unknown,1
33319,27,technician,single,secondary,no,1187,no,no,cellular,23,jan,930,2,-1,0,unknown,0
33320,27,technician,single,secondary,no,1187,no,no,cellular,28,sep,2389,2,-1,0,unknown,1
33321,44,admin.,single,unknown,no,3,yes,no,unknown,13,sep,1426,1,-1,0,unknown,1
33322,44,admin.,single,unknown,no,3,yes,no,unknown,13,jul,1971,1,-1,0,unknown,1
33323,44,admin.,single,unknown,no,3,yes,no,cellular,13,mar,443,1,-1,0,unknown,0
33324,44,admin.,divorced,unknown,no,3,yes,no,unknown,13,may,1268,1,-1,0,unknown,1
33325,44,admin.,single,unknown,no,3,yes,no,unknown,13,jan,1560,1,-1,0,unknown,0
33326,59,blue-collar,married,primary,no,5788,no,no,cellular,14,may,1014,2,350,2,failure,1
33327,59,blue-collar,married,primary,no,5788,no,no,cellular,14,may,2485,2,350,35,failure,1
33328,59,blue-collar,married,primary,no,5788,no,no,cellular,14,may,1206,2,350,2,failure,1
33329,59,blue-collar,married,primary,no,5788,no,no,cellular,14,may,757,2,350,2,failure,1
33330,53,blue-collar,married,primary,no,5788,no,no,cellular,14,may,1144,2,350,2,failure,1
33331,30,technician,single,tertiary,no,405,yes,no,cellular,4,feb,927,1,274,1,failure,1
33332,30,technician,single,tertiary,no,405,yes,no,cellular,4,feb,802,1,274,1,failure,1
33333,30,technician,single,tertiary,no,405,yes,no,cellular,4,feb,809,1,274,1,failure,1
33334,30,technician,single,tertiary,no,405,yes,yes,cellular,4,feb,1173,1,274,1,failure,1
33335,30,technician,divorced,tertiary,no,405,yes,no,cellular,4,feb,795,1,274,1,failure,1
33336,38,services,married,secondary,no,3259,yes,no,unknown,19,may,3078,1,-1,0,unknown,1
33337,38,services,married,secondary,no,3259,yes,no,unknown,19,may,1435,1,-1,0,unknown,1
33338,38,services,married,secondary,no,3259,yes,no,unknown,19,may,1452,1,-1,0,unknown,1
33339,46,services,married,secondary,no,3259,yes,no,unknown,19,may,2256,1,-1,0,unknown,1
33340,38,unknown,married,secondary,no,3259,yes,no,unknown,19,may,1221,1,-1,0,unknown,0
33341,31,unemployed,single,secondary,no,3252,no,no,cellular,21,nov,1833,2,-1,0,unknown,1
33342,31,unemployed,single,tertiary,no,3252,no,no,cellular,21,mar,864,2,-1,0,unknown,1
33343,31,unemployed,single,tertiary,no,3252,no,no,cellular,21,nov,2330,2,-1,0,unknown,1
33344,31,unemployed,single,tertiary,no,3252,no,no,cellular,21,nov,943,2,-1,0,unknown,1
33345,40,unemployed,single,tertiary,no,3252,no,no,cellular,21,nov,943,2,-1,0,unknown,1
33346,32,services,married,secondary,yes,1397,yes,no,cellular,21,nov,2653,3,-1,0,unknown,1
33347,32,services,married,secondary,no,1397,yes,no,cellular,11,nov,882,3,-1,0,unknown,1
33348,85,services,married,secondary,no,1397,yes,no,cellular,21,jan,224,3,-1,0,unknown,1
33349,32,services,married,secondary,no,1397,yes,no,cellular,1,nov,894,3,-1,0,unknown,1
33350,32,services,married,secondary,no,1397,yes,no,cellular,21,nov,2653,3,-1,0,unknown,1
33351,43,management,married,tertiary,no,479,yes,yes,cellular,6,feb,1056,1,254,2,failure,1
33352,43,management,married,tertiary,no,479,yes,no,cellular,6,feb,838,1,254,2,failure,1
33353,43,management,married,tertiary,no,479,yes,no,cellular,6,feb,1060,1,254,2,other,1
33354,43,management,married,tertiary,no,479,yes,no,cellular,6,feb,923,1,254,2,other,1
33355,43,management,married,tertiary,no,479,yes,no,cellular,6,feb,1268,1,254,2,failure,1
33356,34,management,married,tertiary,no,255,no,no,cellular,27,dec,1502,9,-1,0,unknown,1
33357,62,management,married,tertiary,no,255,no,no,cellular,27,aug,530,9,-1,0,unknown,1
33358,34,management,married,tertiary,no,255,no,no,cellular,27,jun,1156,9,-1,0,unknown,1
33359,34,management,married,tertiary,no,255,no,no,cellular,27,aug,2201,9,-1,0,unknown,1
33360,34,management,married,tertiary,no,255,no,no,cellular,27,aug,1376,9,141,0,unknown,1
33361,59,technician,married,tertiary,no,86562,yes,yes,unknown,26,oct,523,2,-1,0,unknown,1
33362,31,technician,married,secondary,no,86777,yes,yes,unknown,26,oct,523,2,-1,0,unknown,1
33363,31,technician,married,tertiary,no,41162,yes,yes,unknown,26,oct,523,2,-1,0,unknown,1
33364,31,technician,married,tertiary,no,-502,yes,yes,unknown,26,oct,523,2,122,0,unknown,1
33365,31,technician,married,tertiary,no,62689,yes,yes,unknown,26,oct,523,2,-1,0,unknown,1
33366,57,technician,divorced,secondary,no,3240,yes,no,unknown,14,may,1446,2,-1,0,unknown,1
33367,57,technician,married,secondary,no,3240,yes,no,unknown,14,may,1792,2,-1,0,unknown,1
33368,57,technician,married,secondary,no,3240,yes,no,unknown,14,may,1468,2,-1,0,unknown,1
33369,57,technician,married,secondary,no,3240,yes,no,unknown,14,may,1697,2,-1,0,unknown,1
33370,57,technician,married,secondary,no,3240,yes,no,unknown,14,may,1376,2,-1,0,unknown,1
33371,56,housemaid,married,primary,no,58,no,yes,cellular,31,jul,1108,6,-1,0,unknown,1
33372,56,housemaid,married,primary,no,58,no,yes,cellular,7,jul,227,6,760,0,success,0
33373,56,housemaid,married,primary,no,58,no,yes,cellular,7,jul,227,6,98,0,success,0
33374,56,housemaid,married,primary,no,58,no,yes,cellular,7,jul,2256,6,-1,0,success,1
33375,56,housemaid,married,primary,no,58,no,yes,cellular,7,jul,1617,6,425,0,unknown,1
33376,26,blue-collar,married,secondary,no,0,yes,no,telephone,21,jul,1441,4,-1,0,unknown,1
33377,26,blue-collar,married,secondary,no,0,yes,no,telephone,23,jul,1331,4,-1,0,unknown,1
33378,26,housemaid,married,secondary,no,0,yes,no,telephone,23,jul,1236,4,-1,0,unknown,1
33379,26,blue-collar,married,secondary,no,0,yes,no,telephone,23,jul,1600,4,-1,0,unknown,1
33380,26,blue-collar,married,secondary,no,0,yes,no,telephone,23,jul,1441,4,-1,0,unknown,1
33381,50,blue-collar,married,primary,no,1617,no,no,cellular,26,aug,1173,4,-1,17,unknown,1
33382,50,blue-collar,married,primary,no,1617,no,no,cellular,4,aug,735,4,-1,0,unknown,1
33383,50,blue-collar,married,primary,no,1617,no,no,cellular,26,aug,837,4,-1,0,unknown,1
33384,50,blue-collar,married,primary,no,1617,no,no,cellular,26,aug,693,4,-1,0,unknown,1
33385,50,blue-collar,married,primary,no,1617,no,no,cellular,26,oct,1156,4,-1,0,unknown,1
33386,34,technician,married,tertiary,no,76933,no,no,cellular,22,aug,739,2,-1,0,unknown,0
33387,34,unknown,married,tertiary,no,91631,no,no,cellular,22,aug,739,2,-1,0,unknown,0
33388,34,technician,married,tertiary,no,44469,no,no,cellular,22,aug,739,2,-1,0,unknown,0
33389,34,technician,married,secondary,no,149,no,no,cellular,22,feb,739,2,-1,0,unknown,0
33390,34,technician,married,tertiary,no,149,no,no,unknown,22,aug,739,2,181,0,unknown,0
33391,36,management,divorced,tertiary,no,1133,yes,no,cellular,4,feb,293,1,181,2,other,0
33392,44,management,married,tertiary,no,1133,yes,no,cellular,4,aug,60,1,181,2,other,0
33393,36,management,married,tertiary,no,1133,yes,no,cellular,4,nov,293,1,138,2,other,0
33394,36,management,married,tertiary,no,1133,yes,no,cellular,4,aug,293,8,7,2,other,0
33395,36,management,married,tertiary,no,1133,yes,no,unknown,4,aug,293,1,181,2,unknown,0
33396,29,services,single,secondary,no,0,yes,no,cellular,11,jul,1341,2,-1,0,unknown,1
33397,29,services,single,secondary,no,0,yes,no,cellular,11,jul,314,2,-1,38,success,1
33398,29,services,single,secondary,no,0,yes,no,cellular,11,jul,1013,2,-1,0,unknown,1
33399,29,services,single,secondary,yes,0,yes,no,cellular,11,jul,989,2,-1,0,unknown,1
33400,29,services,single,secondary,yes,0,yes,no,cellular,11,jul,1514,2,-1,0,unknown,1
33401,40,blue-collar,married,primary,no,69,yes,no,cellular,17,jun,932,1,-1,0,unknown,1
33402,87,blue-collar,married,primary,no,69,yes,no,cellular,17,nov,375,1,-1,0,unknown,0
33403,75,blue-collar,married,primary,no,69,yes,no,cellular,17,oct,375,1,-1,0,unknown,1
33404,40,blue-collar,married,primary,no,99942,yes,no,cellular,17,nov,1580,1,-1,0,unknown,1
33405,40,blue-collar,married,primary,no,69,yes,no,cellular,17,nov,1344,1,-1,0,unknown,1
33406,40,entrepreneur,married,secondary,no,2252,no,no,unknown,26,oct,144,1,-1,0,unknown,1
33407,40,entrepreneur,married,secondary,yes,2252,no,no,unknown,12,jun,1226,1,-1,0,unknown,1
33408,40,entrepreneur,married,secondary,no,2252,no,no,cellular,12,jun,1261,1,-1,0,unknown,1
33409,40,entrepreneur,married,secondary,no,2252,no,no,unknown,12,jun,2420,1,-1,0,other,1
33410,40,entrepreneur,married,secondary,no,2252,no,no,unknown,12,jun,1391,1,-1,0,unknown,1
33411,36,management,single,tertiary,no,1898,yes,no,cellular,22,aug,710,4,-1,0,unknown,1
33412,36,management,single,secondary,no,1898,yes,no,cellular,22,aug,761,4,-1,0,unknown,1
33413,36,management,single,secondary,no,1898,yes,no,cellular,22,aug,1342,4,-1,0,unknown,1
33414,36,management,single,secondary,no,1898,yes,no,cellular,22,aug,1342,2,-1,0,unknown,1
33415,36,management,single,secondary,no,1898,yes,no,cellular,22,aug,1008,4,270,0,unknown,1
33416,55,blue-collar,divorced,primary,no,2227,yes,no,telephone,21,nov,546,3,172,3,success,0
33417,55,blue-collar,divorced,primary,no,2227,no,no,telephone,21,feb,148,3,172,3,success,1
33418,55,blue-collar,divorced,primary,no,2227,yes,no,telephone,2,nov,532,3,172,3,success,0
33419,55,blue-collar,divorced,primary,no,2227,yes,no,cellular,21,nov,546,3,172,3,success,1
33420,79,blue-collar,divorced,primary,no,2227,yes,no,telephone,21,nov,148,3,172,9,success,0
33421,32,technician,single,unknown,no,10600,no,no,unknown,14,may,1687,2,-1,0,unknown,1
33422,32,technician,single,unknown,no,10600,no,no,unknown,14,mar,485,2,-1,0,unknown,0
33423,32,technician,single,unknown,no,10600,no,no,unknown,14,may,1218,2,244,0,unknown,1
33424,32,technician,single,unknown,no,10600,no,no,unknown,14,may,2769,2,-1,4,unknown,1
33425,32,technician,single,unknown,no,10600,no,no,unknown,14,may,1697,2,182,0,unknown,1
33426,32,management,single,tertiary,no,14,no,yes,cellular,21,jul,1403,1,-1,11,unknown,1
33427,32,management,single,tertiary,no,14,no,yes,cellular,21,jul,1677,1,143,0,unknown,1
33428,32,management,single,tertiary,no,14,no,yes,cellular,21,jul,1127,1,47,0,unknown,1
33429,32,management,single,tertiary,no,14,no,yes,cellular,21,jul,838,8,-1,0,unknown,1
33430,32,management,single,tertiary,no,14,no,yes,cellular,21,jul,1111,20,-1,0,unknown,1
33431,55,admin.,married,secondary,no,512,no,no,cellular,18,aug,1130,4,-1,0,unknown,1
33432,55,admin.,married,secondary,no,512,no,no,cellular,18,aug,1461,4,-1,0,unknown,1
33433,55,admin.,married,secondary,no,512,no,no,cellular,18,aug,968,4,-1,0,unknown,1
33434,55,admin.,married,secondary,no,512,no,no,cellular,18,aug,1337,4,-1,0,unknown,1
33435,55,admin.,married,secondary,no,512,no,no,cellular,18,aug,1576,4,-1,0,unknown,1
33436,36,retired,married,tertiary,no,1742,no,no,cellular,28,mar,1092,1,-1,0,unknown,1
33437,74,retired,married,tertiary,no,1742,no,no,unknown,20,oct,1092,1,-1,0,unknown,0
33438,74,retired,married,tertiary,no,1742,no,no,cellular,28,oct,1092,1,304,0,success,1
33439,59,retired,married,tertiary,no,1742,no,no,cellular,28,may,1092,1,-1,0,unknown,1
33440,74,student,married,tertiary,no,1742,no,no,cellular,28,sep,1092,1,-1,0,unknown,0
33441,32,housemaid,single,tertiary,no,3816,yes,no,cellular,21,nov,827,3,-1,0,unknown,1
33442,32,admin.,single,tertiary,no,3816,yes,no,cellular,21,nov,1201,3,-1,0,unknown,1
33443,32,admin.,single,tertiary,no,53072,yes,no,cellular,21,nov,1084,3,-1,0,unknown,1
33444,32,admin.,single,tertiary,no,645,yes,no,cellular,21,nov,873,3,-1,0,unknown,1
33445,32,admin.,married,tertiary,no,3816,yes,no,cellular,21,nov,1579,3,-1,0,unknown,1
33446,40,admin.,married,primary,no,0,yes,no,unknown,20,may,892,2,-1,0,unknown,1
33447,40,admin.,married,tertiary,no,0,yes,no,cellular,20,may,1258,2,-1,0,unknown,1
33448,40,admin.,married,tertiary,no,0,yes,no,cellular,4,may,926,2,-1,0,unknown,1
33449,40,admin.,married,primary,no,0,yes,no,unknown,20,may,1259,2,389,0,unknown,1
33450,40,admin.,divorced,tertiary,no,0,yes,no,unknown,20,may,1081,2,-1,0,unknown,1
33451,35,entrepreneur,single,tertiary,no,1416,yes,no,cellular,6,may,1403,1,169,15,other,0
33452,35,entrepreneur,single,tertiary,no,1416,yes,no,cellular,25,may,760,1,169,12,other,1
33453,35,entrepreneur,married,tertiary,no,1416,yes,no,cellular,6,may,1344,1,169,12,other,1
33454,35,entrepreneur,single,tertiary,no,1416,yes,no,cellular,6,may,2775,1,169,12,unknown,1
33455,35,entrepreneur,single,tertiary,no,1416,yes,no,cellular,6,may,1175,1,169,12,other,0
33456,55,management,single,tertiary,no,26306,yes,no,cellular,23,sep,350,1,589,4,failure,1
33457,55,management,divorced,tertiary,no,26306,yes,no,cellular,23,sep,2260,1,194,4,failure,1
33458,55,management,divorced,tertiary,no,26306,yes,no,cellular,23,sep,488,1,589,4,failure,1
33459,55,management,divorced,tertiary,no,26306,yes,no,cellular,23,sep,305,1,589,4,failure,1
33460,55,management,divorced,primary,no,26306,yes,no,cellular,23,sep,447,1,589,4,failure,1
33461,35,blue-collar,single,secondary,no,3623,no,no,unknown,30,oct,160,25,-1,0,unknown,0
33462,35,blue-collar,single,secondary,no,3623,no,no,telephone,30,oct,160,58,-1,3,unknown,0
33463,35,blue-collar,single,secondary,no,3623,no,no,telephone,30,may,160,1,207,0,unknown,0
33464,35,blue-collar,single,secondary,no,3623,no,no,telephone,30,oct,160,27,-1,0,unknown,0
33465,35,blue-collar,single,secondary,no,3623,no,no,telephone,30,oct,160,1,175,18,unknown,0
33466,33,management,married,tertiary,no,0,yes,no,cellular,5,dec,884,1,365,1,failure,1
33467,33,management,married,unknown,no,0,yes,no,cellular,5,may,301,1,365,1,success,0
33468,33,management,married,tertiary,no,0,yes,no,cellular,5,may,301,28,655,1,failure,1
33469,33,management,married,tertiary,no,0,yes,yes,cellular,5,may,938,1,365,1,failure,1
33470,33,management,married,tertiary,no,0,yes,no,cellular,5,may,925,1,365,1,other,1
33471,84,blue-collar,divorced,primary,no,410,yes,no,unknown,30,may,867,3,-1,0,unknown,1
33472,83,blue-collar,divorced,primary,no,15631,yes,no,unknown,30,may,867,3,-1,0,unknown,1
33473,42,blue-collar,divorced,primary,no,410,yes,no,unknown,30,apr,867,3,-1,0,unknown,1
33474,52,blue-collar,divorced,primary,no,410,yes,no,unknown,30,may,867,3,-1,0,unknown,1
33475,60,blue-collar,divorced,primary,no,410,yes,no,unknown,30,may,867,3,-1,0,unknown,1
33476,32,technician,single,secondary,no,316,no,no,cellular,26,aug,1359,2,-1,0,unknown,1
33477,32,technician,single,secondary,no,316,no,no,cellular,26,aug,929,2,-1,0,unknown,1
33478,32,technician,single,secondary,no,316,no,no,cellular,2,aug,1009,2,-1,0,unknown,1
33479,32,technician,single,tertiary,no,316,no,no,cellular,26,aug,937,2,-1,0,unknown,1
33480,32,technician,single,secondary,no,316,no,no,cellular,26,aug,1376,2,-1,37,unknown,1
33481,73,management,divorced,unknown,no,0,no,no,cellular,16,jun,254,2,-1,0,unknown,1
33482,57,management,divorced,unknown,no,0,no,no,cellular,4,jun,235,2,-1,0,success,1
33483,64,management,divorced,unknown,no,0,no,no,telephone,16,jun,986,2,-1,0,unknown,1
33484,57,management,divorced,unknown,no,0,yes,no,unknown,16,jun,1489,2,-1,0,unknown,1
33485,57,management,divorced,unknown,no,45185,no,no,telephone,16,jun,1241,2,-1,0,unknown,1
33486,25,services,married,secondary,no,0,yes,no,cellular,31,jul,1118,28,-1,0,unknown,1
33487,25,services,married,secondary,no,0,yes,no,cellular,31,jul,945,28,-1,38,unknown,1
33488,25,services,married,secondary,no,0,yes,no,cellular,31,jul,817,28,-1,0,success,1
33489,25,services,married,secondary,no,0,yes,yes,cellular,31,jul,932,28,-1,0,unknown,1
33490,25,services,married,secondary,no,0,yes,no,cellular,31,jul,1346,28,-1,0,unknown,1
33491,59,blue-collar,divorced,secondary,no,149,no,yes,telephone,28,jul,1185,16,-1,0,success,0
33492,92,blue-collar,married,secondary,no,55122,no,yes,telephone,28,jul,1745,16,-1,0,unknown,1
33493,59,blue-collar,married,secondary,no,149,no,yes,cellular,17,jul,1514,16,-1,0,unknown,1
33494,59,blue-collar,married,secondary,no,149,yes,yes,telephone,28,jul,969,16,-1,0,unknown,1
33495,59,blue-collar,married,secondary,no,68517,no,yes,cellular,28,jul,1011,16,-1,0,unknown,0
33496,36,management,married,tertiary,no,518,yes,no,cellular,21,aug,1139,1,-1,0,unknown,1
33497,36,management,married,tertiary,no,518,no,no,cellular,24,aug,2055,1,-1,0,unknown,1
33498,36,management,married,tertiary,no,518,no,no,cellular,21,aug,2453,1,-1,0,unknown,1
33499,36,management,married,tertiary,no,518,no,no,cellular,21,aug,720,1,-1,23,unknown,1
33500,36,management,married,tertiary,no,518,no,no,cellular,21,aug,1145,1,-1,0,unknown,1
33501,51,services,married,secondary,no,-178,yes,yes,cellular,29,may,1376,1,-1,0,unknown,1
33502,32,services,married,secondary,no,-178,yes,yes,unknown,29,may,1617,1,-1,0,unknown,1
33503,51,services,married,secondary,no,-178,yes,yes,unknown,29,oct,2241,1,-1,0,unknown,1
33504,51,services,married,secondary,no,-178,yes,yes,cellular,29,may,1060,1,-1,0,unknown,1
33505,51,services,married,secondary,no,-178,yes,yes,cellular,29,may,843,1,-1,0,unknown,1
33506,58,housemaid,divorced,secondary,no,101282,no,no,cellular,2,jul,478,2,-1,0,unknown,0
33507,58,housemaid,divorced,secondary,no,93845,no,no,cellular,2,jul,478,2,-1,0,other,0
33508,58,blue-collar,divorced,secondary,no,0,no,no,cellular,2,feb,478,2,-1,0,unknown,0
33509,58,housemaid,divorced,secondary,no,75905,no,no,cellular,2,jul,478,2,-1,0,unknown,0
33510,58,housemaid,divorced,secondary,no,0,no,no,cellular,2,jul,870,2,-1,0,unknown,0
33511,70,self-employed,married,secondary,no,1216,yes,no,cellular,23,apr,296,1,188,1,failure,0
33512,42,self-employed,married,secondary,no,1216,yes,no,cellular,23,apr,296,1,219,1,failure,0
33513,42,self-employed,married,secondary,no,1216,yes,no,cellular,23,apr,296,1,126,1,failure,0
33514,42,self-employed,married,secondary,no,1216,yes,no,cellular,23,apr,296,1,31,1,failure,0
33515,42,self-employed,married,secondary,no,1216,yes,yes,cellular,23,apr,296,1,180,1,failure,0
33516,52,management,married,tertiary,no,576,no,yes,cellular,19,aug,762,3,-1,0,unknown,0
33517,52,management,married,tertiary,no,83568,no,no,cellular,18,aug,762,3,-1,0,unknown,0
33518,52,management,married,tertiary,no,576,yes,no,cellular,9,aug,762,3,-1,0,unknown,0
33519,52,management,married,tertiary,no,576,yes,yes,cellular,18,aug,762,3,-1,0,unknown,0
33520,52,management,married,tertiary,no,71069,no,no,cellular,18,aug,762,3,-1,0,unknown,0
33521,46,admin.,married,secondary,no,1328,yes,no,cellular,28,may,1114,6,-1,0,unknown,1
33522,46,admin.,married,secondary,no,1328,yes,no,unknown,28,oct,1563,6,-1,0,unknown,1
33523,46,admin.,divorced,secondary,no,1328,yes,no,unknown,28,may,1554,6,-1,0,unknown,1
33524,46,admin.,married,secondary,no,1328,yes,no,cellular,28,may,1392,6,-1,0,unknown,1
33525,46,admin.,divorced,secondary,no,1328,yes,no,unknown,28,may,2055,6,-1,0,unknown,1
33526,51,blue-collar,married,primary,no,593,yes,no,cellular,28,may,970,2,-1,0,unknown,1
33527,51,blue-collar,single,primary,no,593,yes,no,unknown,28,may,1820,2,-1,0,unknown,1
33528,51,blue-collar,married,primary,no,593,yes,no,unknown,28,oct,157,1,-1,0,unknown,1
33529,51,retired,married,primary,no,593,yes,no,unknown,28,oct,157,2,-1,0,unknown,0
33530,51,blue-collar,single,primary,no,593,yes,no,unknown,28,may,1573,2,-1,0,unknown,1
33531,33,technician,married,tertiary,no,1020,no,no,cellular,27,aug,1192,4,-1,0,unknown,1
33532,33,technician,married,tertiary,no,1020,no,no,cellular,27,aug,1074,4,-1,0,unknown,1
33533,33,technician,married,tertiary,no,1020,no,no,cellular,27,jun,1010,4,-1,0,unknown,1
33534,33,technician,married,tertiary,yes,1020,no,no,cellular,27,aug,920,4,-1,0,unknown,1
33535,33,technician,married,tertiary,no,1020,no,no,cellular,27,aug,1288,4,-1,9,unknown,1
33536,33,student,married,tertiary,no,98160,yes,no,cellular,12,aug,1545,1,-1,0,unknown,1
33537,33,student,married,tertiary,no,476,yes,no,cellular,12,aug,902,1,-1,0,unknown,1
33538,33,student,married,tertiary,no,476,yes,no,cellular,12,aug,1321,1,-1,0,success,1
33539,33,student,married,tertiary,no,476,yes,no,cellular,12,aug,979,1,-1,0,unknown,1
33540,33,student,married,tertiary,yes,476,yes,no,cellular,12,aug,1514,1,-1,0,unknown,1
33541,34,management,divorced,secondary,no,487,yes,no,unknown,8,may,1871,2,-1,0,unknown,1
33542,34,management,married,secondary,no,487,no,no,unknown,8,mar,442,2,-1,0,unknown,1
33543,34,management,divorced,secondary,no,487,yes,no,unknown,8,jan,1871,2,-1,0,unknown,1
33544,34,management,married,secondary,no,487,no,no,unknown,8,mar,442,2,-1,275,unknown,1
33545,34,management,divorced,secondary,no,487,yes,no,unknown,8,may,1745,2,-1,30,unknown,1
33546,60,technician,married,secondary,no,216,yes,yes,cellular,31,feb,662,1,-1,0,unknown,1
33547,60,technician,married,secondary,no,216,yes,yes,cellular,2,feb,1837,1,-1,0,unknown,1
33548,60,technician,married,secondary,no,216,yes,yes,cellular,2,feb,1107,1,-1,0,unknown,1
33549,60,technician,married,secondary,no,216,yes,yes,cellular,21,feb,1283,1,-1,0,unknown,1
33550,60,technician,married,secondary,no,216,yes,yes,cellular,5,feb,1917,1,-1,0,unknown,1
33551,42,technician,married,primary,no,969,yes,no,cellular,13,may,1339,1,-1,0,unknown,1
33552,42,blue-collar,married,primary,no,969,yes,no,cellular,13,may,1009,1,-1,0,unknown,1
33553,42,blue-collar,married,primary,no,969,yes,no,cellular,13,may,1309,1,-1,0,unknown,1
33554,42,blue-collar,married,tertiary,no,93697,yes,no,cellular,13,may,721,1,-1,0,unknown,1
33555,42,blue-collar,married,primary,no,969,yes,no,cellular,13,feb,1875,1,-1,0,unknown,1
33556,46,management,married,tertiary,no,946,yes,no,cellular,3,jun,295,4,-1,23,success,1
33557,86,management,married,tertiary,no,946,yes,no,cellular,3,jun,295,4,-1,37,unknown,0
33558,46,management,married,tertiary,no,946,yes,no,cellular,3,mar,295,21,-1,0,unknown,1
33559,46,management,married,tertiary,no,946,no,no,cellular,3,jun,1168,4,-1,0,unknown,1
33560,46,management,married,tertiary,no,946,no,no,cellular,3,jun,295,16,-1,0,unknown,1
33561,43,self-employed,single,unknown,no,3173,no,no,unknown,15,may,746,24,309,0,unknown,0
33562,43,self-employed,single,unknown,no,3173,no,no,unknown,20,may,746,9,-1,0,unknown,0
33563,43,self-employed,single,unknown,no,-2895,no,no,unknown,15,may,746,1,-1,0,unknown,0
33564,43,self-employed,single,unknown,no,3173,no,yes,unknown,16,may,746,1,-1,0,unknown,0
33565,43,self-employed,single,unknown,no,3173,no,no,unknown,15,may,746,43,-1,0,other,0
33566,26,entrepreneur,single,secondary,no,101,yes,no,cellular,27,feb,810,16,268,1,failure,0
33567,26,entrepreneur,single,secondary,no,101,yes,no,telephone,17,feb,810,1,268,1,failure,0
33568,26,entrepreneur,single,secondary,no,101,yes,no,cellular,5,aug,253,1,268,1,failure,0
33569,26,entrepreneur,single,secondary,no,101,yes,no,cellular,5,feb,307,1,268,1,failure,0
33570,26,entrepreneur,single,secondary,no,101,yes,no,telephone,5,feb,810,1,268,9,failure,0
33571,57,blue-collar,married,primary,no,1111,no,no,telephone,26,aug,1727,9,-1,0,unknown,0
33572,64,blue-collar,married,primary,no,1111,no,no,telephone,26,aug,385,9,-1,0,success,1
33573,54,blue-collar,married,primary,no,1111,yes,no,telephone,26,aug,1584,9,-1,0,unknown,1
33574,54,blue-collar,married,primary,no,1111,yes,no,telephone,26,aug,1261,9,-1,0,unknown,1
33575,54,blue-collar,married,secondary,no,1111,no,no,telephone,26,aug,1556,9,-1,0,unknown,0
33576,39,management,single,tertiary,no,1869,yes,no,cellular,7,may,795,1,258,6,failure,1
33577,39,management,single,tertiary,no,968,yes,no,cellular,7,may,619,13,258,6,failure,0
33578,39,management,single,tertiary,no,968,yes,no,cellular,7,may,1467,30,258,6,failure,1
33579,57,management,single,tertiary,no,968,yes,no,cellular,7,may,1425,1,258,6,failure,1
33580,39,management,single,tertiary,no,968,yes,no,cellular,7,may,1859,1,258,6,failure,1
33581,35,services,married,secondary,no,457,yes,no,cellular,8,apr,1594,1,322,2,failure,1
33582,35,services,married,secondary,no,457,yes,no,cellular,17,apr,1514,1,322,2,failure,1
33583,53,services,married,secondary,no,457,yes,no,cellular,17,apr,1023,1,322,2,failure,1
33584,35,services,married,secondary,no,457,yes,no,cellular,17,apr,1014,1,322,2,failure,1
33585,35,services,married,secondary,no,457,yes,no,cellular,17,apr,1173,1,322,2,failure,1
33586,43,technician,single,secondary,yes,91398,yes,no,unknown,14,may,2241,4,-1,0,unknown,1
33587,43,technician,divorced,secondary,no,28,yes,no,unknown,19,may,2241,4,-1,0,unknown,1
33588,43,technician,single,secondary,no,28,yes,no,cellular,29,may,2241,4,-1,0,unknown,1
33589,43,technician,single,secondary,no,28,yes,no,cellular,14,may,661,4,-1,0,unknown,1
33590,35,technician,single,secondary,no,28,yes,no,cellular,14,may,2241,4,-1,0,unknown,1
33591,49,technician,married,tertiary,no,196,no,no,cellular,4,feb,1037,7,163,24,other,0
33592,49,technician,married,tertiary,no,196,no,no,cellular,23,feb,1532,7,163,24,other,1
33593,49,technician,married,primary,no,196,no,no,cellular,4,feb,850,7,163,24,other,1
33594,49,technician,single,tertiary,no,196,no,no,cellular,4,feb,1098,7,163,24,other,0
33595,49,technician,married,tertiary,no,196,no,no,cellular,4,feb,937,7,163,24,other,1
33596,47,technician,married,secondary,no,834,no,yes,cellular,21,nov,245,1,133,2,other,0
33597,47,technician,married,secondary,no,834,no,yes,cellular,21,nov,764,32,133,2,other,0
33598,47,technician,married,tertiary,no,834,no,yes,cellular,21,nov,251,1,133,2,other,0
33599,47,technician,married,secondary,no,834,no,no,unknown,21,nov,902,1,133,2,other,0
33600,47,technician,married,primary,no,834,no,yes,unknown,21,nov,902,1,133,2,other,0
33601,40,services,married,secondary,no,1293,yes,no,cellular,13,apr,937,3,-1,0,unknown,1
33602,40,services,married,secondary,no,1293,yes,no,cellular,13,apr,1183,3,-1,0,unknown,1
33603,40,services,married,secondary,no,1293,yes,no,cellular,13,dec,1352,3,-1,0,unknown,1
33604,40,services,married,secondary,no,1293,yes,no,cellular,13,apr,2301,3,-1,0,failure,1
33605,40,services,married,secondary,no,1293,yes,no,unknown,13,apr,1447,3,-1,0,unknown,1
33606,31,blue-collar,single,secondary,no,25,no,no,cellular,4,feb,925,1,-1,0,unknown,1
33607,31,blue-collar,single,secondary,no,25,no,no,cellular,4,feb,1121,1,-1,0,unknown,1
33608,31,blue-collar,single,secondary,no,25,no,no,cellular,4,feb,1129,1,-1,0,unknown,1
33609,31,blue-collar,single,secondary,no,80108,no,no,cellular,4,feb,1064,1,-1,0,unknown,1
33610,31,blue-collar,single,secondary,no,25,no,no,cellular,4,feb,1776,1,272,0,unknown,1
33611,39,management,married,primary,no,2288,yes,no,cellular,15,may,1087,1,-1,0,unknown,1
33612,39,blue-collar,married,primary,no,2288,yes,no,cellular,15,may,1263,1,-1,0,unknown,1
33613,39,blue-collar,married,primary,no,2288,yes,no,cellular,15,may,1044,37,-1,0,unknown,1
33614,39,blue-collar,married,primary,no,2288,yes,no,cellular,15,may,1027,1,-1,0,failure,1
33615,39,blue-collar,married,primary,no,20586,yes,no,cellular,15,may,1238,1,-1,0,unknown,1
33616,41,management,married,tertiary,no,8902,yes,no,cellular,20,apr,963,3,249,12,other,1
33617,41,management,married,tertiary,no,8902,yes,no,cellular,20,jul,1492,3,249,5,unknown,1
33618,41,management,married,tertiary,no,8902,yes,no,cellular,20,apr,541,3,469,5,failure,1
33619,41,management,married,tertiary,no,8902,yes,no,cellular,20,apr,1628,19,249,5,other,1
33620,41,management,married,tertiary,yes,8902,yes,no,cellular,27,apr,789,3,249,5,failure,1
33621,33,management,single,secondary,no,-85,yes,no,cellular,18,jul,1103,1,-1,19,unknown,1
33622,33,management,single,secondary,no,79365,yes,no,cellular,18,jul,895,1,-1,0,unknown,1
33623,33,management,single,secondary,no,-85,yes,no,cellular,18,jul,1063,1,-1,0,unknown,1
33624,33,management,single,secondary,no,-85,yes,no,cellular,18,jul,957,1,-1,0,unknown,1
33625,33,management,single,secondary,no,-85,yes,no,cellular,18,jul,1223,1,-1,0,unknown,1
33626,33,technician,single,tertiary,no,6281,yes,no,cellular,1,mar,1057,1,33,4,success,1
33627,33,technician,single,tertiary,no,-166,yes,no,cellular,1,jul,1057,1,393,37,success,1
33628,33,technician,single,tertiary,no,6281,no,no,cellular,1,jul,1057,1,393,55,success,1
33629,75,technician,single,primary,no,6281,yes,no,cellular,1,jul,1057,1,393,4,success,1
33630,33,technician,single,tertiary,no,6281,no,no,unknown,1,jul,1057,1,393,4,success,1
33631,32,technician,married,tertiary,no,1527,yes,no,cellular,9,feb,172,1,92,3,success,1
33632,32,technician,single,tertiary,no,1527,yes,no,cellular,9,feb,1412,1,92,3,failure,1
33633,32,technician,single,tertiary,no,1527,yes,no,cellular,9,feb,1448,1,92,3,failure,1
33634,32,technician,single,tertiary,no,1527,yes,no,cellular,9,may,1120,1,92,3,failure,1
33635,32,technician,single,tertiary,no,1527,yes,no,cellular,9,feb,1226,1,92,3,failure,1
33636,45,technician,married,secondary,no,0,yes,yes,unknown,14,oct,2201,2,-1,0,unknown,0
33637,45,technician,married,secondary,no,0,yes,yes,unknown,18,oct,246,2,-1,0,unknown,1
33638,45,technician,married,secondary,no,0,yes,yes,cellular,14,may,1598,2,-1,0,unknown,1
33639,77,technician,married,secondary,no,0,yes,yes,cellular,14,mar,246,2,-1,0,unknown,1
33640,45,technician,married,secondary,no,0,no,yes,cellular,14,may,1597,2,-1,0,unknown,1
33641,61,retired,married,secondary,no,4248,yes,no,unknown,14,may,982,1,-1,0,unknown,0
33642,61,retired,divorced,secondary,no,4248,yes,no,unknown,14,may,2769,1,-1,0,unknown,1
33643,61,retired,married,secondary,no,4248,yes,no,unknown,14,may,1452,1,-1,0,unknown,0
33644,61,retired,married,secondary,no,4248,yes,no,unknown,14,may,925,1,-1,0,unknown,1
33645,61,retired,married,secondary,yes,4248,yes,no,unknown,14,may,1452,1,-1,0,unknown,1
33646,43,blue-collar,married,unknown,no,3373,yes,no,cellular,13,may,1623,1,-1,0,unknown,1
33647,43,blue-collar,married,unknown,no,3373,yes,no,cellular,13,may,723,1,-1,0,unknown,1
33648,43,blue-collar,married,unknown,no,3373,yes,no,unknown,13,may,1650,1,-1,0,unknown,1
33649,43,blue-collar,married,unknown,no,43305,yes,no,unknown,13,may,918,1,-1,0,unknown,1
33650,43,blue-collar,married,unknown,no,3373,yes,no,telephone,13,may,2769,1,-1,0,unknown,1
33651,31,blue-collar,married,secondary,no,113,yes,no,cellular,5,may,1809,3,-1,0,unknown,1
33652,31,blue-collar,married,secondary,no,113,yes,no,cellular,5,may,1492,3,-1,0,unknown,1
33653,31,blue-collar,married,unknown,no,113,yes,no,cellular,5,may,982,3,-1,0,unknown,0
33654,31,blue-collar,married,secondary,no,113,yes,no,cellular,5,may,1059,3,-1,0,unknown,1
33655,77,blue-collar,married,secondary,no,113,yes,no,cellular,31,may,337,3,-1,0,unknown,0
33656,47,management,divorced,tertiary,no,-363,yes,yes,unknown,27,may,3881,11,-1,0,unknown,1
33657,47,management,divorced,tertiary,no,-363,yes,yes,unknown,27,may,1236,1,-1,0,unknown,1
33658,47,management,divorced,tertiary,no,-363,yes,yes,unknown,27,may,1192,1,-1,0,unknown,1
33659,47,management,divorced,tertiary,no,-363,yes,yes,unknown,27,may,1359,1,-1,0,unknown,1
33660,47,management,divorced,secondary,no,-363,yes,yes,unknown,27,oct,513,1,-1,0,unknown,1
33661,27,student,single,secondary,no,279,no,yes,cellular,12,oct,323,1,-1,12,unknown,0
33662,27,student,single,secondary,no,87412,no,no,cellular,12,oct,323,1,-1,0,unknown,0
33663,81,student,single,secondary,no,279,no,no,cellular,12,oct,1079,1,-1,0,unknown,0
33664,27,student,single,secondary,no,21566,no,no,cellular,12,oct,323,1,-1,0,unknown,0
33665,27,admin.,single,secondary,no,279,no,no,cellular,12,aug,323,1,-1,0,unknown,0
33666,42,blue-collar,married,secondary,no,352,yes,no,cellular,11,may,1835,3,-1,0,success,1
33667,42,blue-collar,married,secondary,no,352,yes,no,cellular,11,may,1597,26,-1,0,unknown,1
33668,42,management,married,secondary,no,352,yes,no,cellular,11,may,1055,3,-1,0,unknown,1
33669,42,blue-collar,married,secondary,no,352,yes,no,cellular,11,may,1035,3,-1,0,unknown,1
33670,42,blue-collar,married,secondary,no,352,yes,no,cellular,11,may,1957,3,-1,0,unknown,1
33671,26,blue-collar,married,primary,no,3529,yes,no,unknown,28,may,1129,2,-1,0,unknown,1
33672,26,blue-collar,married,primary,yes,3529,yes,no,unknown,28,may,1514,2,-1,0,unknown,1
33673,26,blue-collar,married,primary,no,3529,yes,no,unknown,28,may,1663,2,-1,0,unknown,1
33674,79,blue-collar,married,primary,no,3529,yes,no,unknown,28,may,1971,2,-1,0,unknown,0
33675,26,blue-collar,married,primary,no,3529,yes,no,unknown,28,may,1560,2,-1,0,unknown,1
33676,81,blue-collar,married,secondary,no,2146,no,no,cellular,7,mar,206,3,-1,0,unknown,1
33677,58,blue-collar,married,secondary,no,2146,no,no,cellular,7,jul,3183,3,-1,0,other,1
33678,58,blue-collar,married,secondary,no,2146,no,no,cellular,7,mar,206,3,-1,0,unknown,1
33679,58,blue-collar,married,secondary,no,2146,no,no,cellular,7,jul,864,3,769,0,unknown,1
33680,58,blue-collar,married,secondary,no,2146,no,no,cellular,7,jun,1205,3,-1,0,unknown,1
33681,54,management,divorced,tertiary,no,3473,yes,no,cellular,22,aug,850,2,-1,0,unknown,1
33682,54,management,divorced,tertiary,no,3473,yes,no,cellular,12,aug,1472,2,-1,11,unknown,1
33683,83,management,divorced,tertiary,no,3473,yes,no,cellular,12,aug,306,2,-1,0,unknown,1
33684,54,management,divorced,tertiary,no,3473,no,no,cellular,12,dec,306,2,-1,0,unknown,1
33685,54,management,divorced,tertiary,no,2707,yes,no,cellular,12,aug,1707,2,-1,0,unknown,1
33686,30,blue-collar,married,secondary,no,125,yes,no,unknown,29,may,1244,2,-1,0,unknown,1
33687,30,blue-collar,married,secondary,no,125,yes,no,cellular,29,may,859,2,-1,0,unknown,1
33688,30,blue-collar,married,secondary,no,125,yes,no,unknown,29,may,3322,2,-1,0,unknown,1
33689,30,blue-collar,married,secondary,no,125,yes,no,unknown,29,may,2027,2,-1,0,unknown,1
33690,30,blue-collar,married,secondary,no,125,yes,no,unknown,29,may,1495,2,266,0,unknown,1
33691,45,housemaid,married,tertiary,no,40,yes,no,cellular,2,feb,1106,1,-1,0,unknown,0
33692,45,housemaid,married,tertiary,no,40,yes,no,cellular,2,feb,903,1,-1,0,unknown,1
33693,45,housemaid,married,tertiary,no,40,yes,no,cellular,2,feb,1691,1,-1,0,unknown,1
33694,45,services,married,tertiary,no,40,yes,no,cellular,2,feb,903,1,-1,0,unknown,1
33695,45,housemaid,married,tertiary,no,40,yes,no,cellular,2,feb,662,1,-1,0,unknown,1
33696,59,blue-collar,single,primary,no,134,yes,yes,unknown,8,apr,1256,1,-1,0,unknown,1
33697,84,blue-collar,single,primary,no,134,yes,yes,unknown,8,may,942,1,-1,32,unknown,1
33698,44,blue-collar,single,primary,no,134,yes,no,unknown,8,may,983,1,-1,0,unknown,0
33699,42,blue-collar,single,primary,no,134,yes,no,unknown,8,may,1571,1,-1,0,unknown,1
33700,42,blue-collar,divorced,primary,no,134,yes,yes,unknown,8,oct,1508,1,-1,0,unknown,1
33701,69,blue-collar,single,secondary,no,-95,yes,no,unknown,14,may,1248,3,-1,0,unknown,1
33702,23,blue-collar,single,secondary,no,-95,yes,no,unknown,14,may,1532,3,-1,0,unknown,1
33703,23,blue-collar,single,secondary,no,-95,yes,no,unknown,14,may,1880,3,-1,0,unknown,1
33704,23,blue-collar,single,secondary,no,-95,yes,no,unknown,14,jul,1721,3,-1,0,unknown,1
33705,90,blue-collar,single,secondary,no,-95,yes,no,unknown,14,may,1151,3,-1,0,unknown,1
33706,28,management,single,tertiary,no,637,yes,no,cellular,4,feb,691,1,50,0,unknown,1
33707,28,management,single,tertiary,no,637,yes,no,cellular,14,feb,1061,1,-1,0,unknown,1
33708,28,management,single,tertiary,no,637,yes,no,cellular,4,feb,1486,1,-1,2,unknown,1
33709,28,management,single,tertiary,no,637,yes,no,cellular,4,feb,1472,1,-1,0,other,1
33710,28,management,single,tertiary,no,637,no,no,cellular,4,dec,324,1,-1,0,unknown,1
33711,37,admin.,divorced,secondary,no,84556,yes,no,unknown,30,may,1359,5,-1,0,unknown,1
33712,37,admin.,divorced,secondary,no,0,yes,no,unknown,30,may,1548,5,-1,0,unknown,1
33713,37,admin.,divorced,primary,no,0,yes,no,unknown,30,may,1623,5,-1,0,unknown,1
33714,37,admin.,divorced,secondary,no,0,yes,no,unknown,30,may,2769,5,-1,0,unknown,1
33715,37,admin.,divorced,secondary,no,0,yes,no,unknown,30,may,1060,5,-1,0,unknown,1
33716,53,technician,divorced,secondary,no,195,yes,no,cellular,19,may,472,1,90,6,failure,0
33717,53,technician,married,secondary,no,195,yes,no,unknown,19,may,15,1,90,6,success,0
33718,53,technician,married,secondary,no,195,yes,no,cellular,11,may,472,1,90,6,other,0
33719,53,technician,married,secondary,no,195,yes,no,cellular,19,may,472,1,90,6,other,0
33720,53,technician,married,secondary,no,195,yes,no,cellular,19,nov,472,1,90,6,unknown,0
33721,42,services,married,secondary,no,174,yes,no,cellular,11,may,692,1,-1,0,unknown,0
33722,42,services,married,secondary,no,174,yes,no,cellular,11,may,963,1,-1,0,unknown,1
33723,42,services,married,secondary,no,174,yes,no,cellular,25,may,1386,1,-1,0,unknown,1
33724,42,services,married,secondary,no,174,yes,no,cellular,11,may,1141,1,-1,0,unknown,1
33725,42,services,married,secondary,no,174,yes,no,cellular,11,may,1258,1,-1,0,unknown,1
33726,27,technician,single,secondary,no,584,yes,no,unknown,8,may,1404,2,-1,0,unknown,1
33727,27,technician,single,secondary,no,584,yes,no,unknown,8,may,1809,2,-1,0,unknown,1
33728,27,technician,married,secondary,no,584,yes,no,unknown,8,may,1503,2,-1,0,unknown,1
33729,27,technician,single,secondary,no,8658,yes,no,unknown,8,may,1529,2,-1,0,unknown,1
33730,27,technician,single,secondary,no,584,yes,no,unknown,8,may,1503,2,-1,0,unknown,1
33731,40,services,married,secondary,no,0,yes,no,cellular,21,nov,984,1,185,2,failure,1
33732,40,services,married,secondary,no,0,yes,no,cellular,21,nov,1966,1,185,2,failure,1
33733,40,services,married,secondary,no,6073,yes,no,cellular,21,nov,795,1,185,2,failure,1
33734,40,services,married,secondary,no,0,yes,no,cellular,15,nov,928,1,185,2,failure,1
33735,40,services,married,secondary,no,52812,yes,no,cellular,21,nov,1360,1,185,2,failure,1
33736,31,admin.,single,secondary,no,358,yes,no,telephone,15,may,1331,2,-1,0,unknown,1
33737,31,admin.,single,secondary,no,358,yes,no,unknown,15,may,1666,2,-1,0,unknown,1
33738,31,admin.,single,secondary,no,358,yes,no,unknown,15,may,1628,2,-1,0,unknown,1
33739,31,admin.,single,secondary,no,358,yes,no,unknown,1,may,1576,2,-1,0,unknown,1
33740,31,admin.,single,secondary,no,358,yes,no,unknown,15,may,1403,2,-1,0,unknown,1
33741,53,blue-collar,divorced,unknown,no,-473,yes,no,unknown,25,may,1368,2,-1,0,unknown,1
33742,53,blue-collar,divorced,unknown,no,-473,yes,no,unknown,28,may,1360,2,-1,1,unknown,1
33743,53,blue-collar,divorced,unknown,no,-473,yes,no,unknown,28,may,1334,2,-1,0,unknown,1
33744,53,blue-collar,divorced,unknown,no,-473,yes,no,unknown,28,may,1129,2,-1,0,unknown,1
33745,53,blue-collar,divorced,unknown,no,-473,yes,no,unknown,28,dec,1237,2,-1,0,unknown,1
33746,27,blue-collar,single,secondary,no,148,no,no,cellular,22,mar,203,1,-1,35,unknown,1
33747,27,blue-collar,single,secondary,no,148,yes,no,cellular,22,jul,1543,1,-1,0,unknown,1
33748,27,blue-collar,single,secondary,no,148,yes,no,cellular,22,jul,1134,1,-1,0,unknown,1
33749,27,blue-collar,single,secondary,no,148,yes,no,cellular,22,jul,656,1,-1,0,unknown,1
33750,27,blue-collar,single,secondary,no,148,no,no,cellular,22,mar,203,1,-1,0,unknown,1
33751,35,admin.,divorced,secondary,no,-133,yes,no,telephone,15,may,1613,2,-1,0,unknown,1
33752,35,admin.,divorced,secondary,no,-133,yes,no,unknown,15,may,1302,2,-1,0,unknown,1
33753,35,admin.,divorced,secondary,no,-133,yes,no,cellular,15,may,1613,2,-1,0,unknown,1
33754,35,admin.,divorced,secondary,no,-133,yes,yes,cellular,15,may,1038,2,-1,0,unknown,1
33755,35,admin.,divorced,secondary,no,-133,yes,no,cellular,15,may,1053,2,-1,0,unknown,1
33756,68,admin.,married,secondary,no,248,yes,no,cellular,17,apr,649,1,-1,16,unknown,0
33757,39,admin.,married,secondary,no,248,yes,no,cellular,17,apr,1569,1,-1,0,unknown,1
33758,39,admin.,married,secondary,no,248,no,no,cellular,17,apr,649,1,-1,16,unknown,1
33759,39,admin.,married,secondary,no,248,no,no,cellular,17,apr,649,1,-1,0,unknown,1
33760,54,admin.,married,secondary,no,248,yes,no,cellular,31,apr,649,1,-1,0,unknown,1
33761,27,blue-collar,single,unknown,no,-15,yes,yes,cellular,15,may,1021,4,312,6,other,1
33762,27,blue-collar,single,unknown,no,-15,yes,yes,cellular,15,may,1046,4,312,6,other,1
33763,27,blue-collar,single,primary,no,-15,yes,yes,cellular,15,may,1720,4,312,6,other,1
33764,34,blue-collar,single,unknown,no,-15,yes,yes,cellular,15,may,892,4,312,6,other,1
33765,27,blue-collar,single,unknown,yes,-15,yes,yes,cellular,15,may,1334,4,312,6,other,0
33766,35,technician,married,tertiary,no,-290,yes,yes,cellular,24,jul,1103,3,-1,0,unknown,1
33767,35,technician,married,tertiary,no,-290,yes,yes,cellular,7,jul,1077,3,-1,0,unknown,1
33768,35,technician,married,tertiary,no,-290,yes,yes,cellular,24,jul,1548,3,-1,0,unknown,1
33769,35,technician,married,tertiary,no,-290,yes,no,cellular,24,mar,265,3,-1,0,unknown,1
33770,35,technician,married,tertiary,no,-290,yes,yes,cellular,24,jul,1102,3,-1,0,unknown,1
33771,50,technician,married,secondary,no,1093,yes,no,unknown,30,oct,319,25,-1,0,unknown,1
33772,50,technician,married,secondary,no,1093,yes,no,unknown,30,may,1529,1,-1,0,unknown,1
33773,50,technician,married,secondary,no,1093,yes,no,unknown,30,may,891,1,-1,0,unknown,1
33774,50,technician,married,secondary,no,34916,yes,no,unknown,30,oct,319,1,-1,0,unknown,1
33775,50,technician,single,secondary,no,1093,yes,no,unknown,30,may,935,1,-1,0,unknown,1
33776,31,management,married,tertiary,no,777,yes,no,cellular,3,feb,1579,4,-1,0,unknown,1
33777,31,management,divorced,tertiary,no,777,yes,no,cellular,3,feb,1142,4,-1,0,unknown,1
33778,31,management,married,tertiary,no,777,yes,no,cellular,3,feb,1353,4,-1,0,unknown,1
33779,31,management,married,tertiary,no,777,yes,no,cellular,3,feb,1222,4,-1,0,unknown,1
33780,31,management,married,tertiary,no,777,yes,no,cellular,3,feb,794,4,-1,0,unknown,0
33781,45,services,married,secondary,yes,24,yes,no,cellular,18,jul,1992,1,-1,0,unknown,1
33782,45,services,married,secondary,no,24,yes,no,cellular,25,jul,1066,1,-1,0,unknown,1
33783,45,services,married,secondary,no,24,yes,no,cellular,18,jul,1635,1,-1,0,unknown,1
33784,45,services,married,secondary,no,24,yes,no,cellular,18,jul,1283,1,-1,0,unknown,1
33785,45,services,married,secondary,no,24,yes,no,cellular,18,jul,1792,23,-1,0,unknown,1
33786,44,management,married,tertiary,no,236,yes,yes,cellular,18,jul,1476,3,-1,0,unknown,1
33787,44,management,divorced,tertiary,no,236,yes,yes,telephone,27,oct,199,3,-1,0,unknown,1
33788,44,management,married,tertiary,no,236,yes,no,telephone,18,jul,1333,3,286,0,unknown,1
33789,44,management,married,tertiary,yes,236,yes,yes,telephone,18,jul,1056,3,-1,0,success,0
33790,44,management,married,tertiary,no,236,yes,yes,unknown,31,oct,199,3,-1,0,unknown,0
33791,57,technician,married,tertiary,no,1103,no,no,cellular,15,may,1149,2,-1,0,unknown,1
33792,78,technician,married,tertiary,no,1103,no,no,cellular,4,may,399,2,-1,12,unknown,0
33793,57,technician,married,tertiary,no,1103,no,no,cellular,4,may,399,2,-1,6,success,1
33794,57,technician,married,tertiary,no,1103,yes,no,cellular,4,may,1131,2,-1,0,unknown,1
33795,57,technician,married,tertiary,no,1103,no,no,cellular,4,may,1207,2,-1,0,unknown,1
33796,38,blue-collar,divorced,secondary,no,593,yes,no,cellular,17,apr,1536,2,-1,0,unknown,1
33797,38,blue-collar,divorced,secondary,no,593,yes,no,cellular,17,apr,1151,10,-1,0,unknown,1
33798,38,blue-collar,divorced,secondary,no,593,yes,no,cellular,17,apr,1789,2,-1,0,success,1
33799,38,blue-collar,divorced,secondary,no,593,yes,no,cellular,17,apr,1946,2,-1,0,unknown,1
33800,38,blue-collar,married,secondary,no,593,yes,no,cellular,17,apr,1946,2,-1,0,unknown,1
33801,19,admin.,married,secondary,no,39,yes,no,cellular,28,jul,1318,3,-1,0,unknown,1
33802,30,admin.,married,secondary,no,39,yes,no,cellular,28,jul,1151,3,-1,0,unknown,1
33803,30,admin.,married,secondary,no,39,yes,no,cellular,11,jul,1777,3,-1,0,unknown,1
33804,30,admin.,married,secondary,yes,39,yes,no,cellular,28,jul,1037,3,-1,0,unknown,1
33805,30,blue-collar,married,secondary,no,39,yes,no,cellular,28,jul,1462,3,-1,0,unknown,1
33806,48,blue-collar,single,unknown,no,434,no,no,cellular,18,aug,1291,6,-1,0,unknown,1
33807,48,blue-collar,married,unknown,no,434,yes,no,cellular,18,aug,1001,6,-1,0,unknown,0
33808,48,blue-collar,married,unknown,no,434,no,no,cellular,18,aug,1456,6,349,0,unknown,1
33809,48,blue-collar,married,unknown,no,434,no,no,cellular,6,aug,1569,6,-1,0,unknown,0
33810,48,blue-collar,married,unknown,no,434,yes,no,cellular,18,aug,2150,6,-1,0,unknown,1
33811,31,unemployed,single,primary,no,-63,yes,no,unknown,20,may,2769,1,-1,0,unknown,0
33812,31,unemployed,divorced,primary,no,-63,yes,no,unknown,20,may,1992,1,-1,0,unknown,1
33813,31,unemployed,married,primary,no,96601,yes,no,cellular,20,may,657,1,-1,0,unknown,1
33814,31,unemployed,married,primary,no,97056,yes,no,telephone,20,may,657,1,-1,0,unknown,0
33815,31,unemployed,married,primary,no,18428,yes,no,cellular,20,may,657,1,-1,0,unknown,0
33816,71,retired,single,tertiary,no,2651,no,no,cellular,19,feb,531,2,-1,0,unknown,1
33817,65,retired,married,tertiary,no,2651,no,no,cellular,5,feb,1462,2,-1,0,unknown,0
33818,71,retired,married,tertiary,no,2651,no,no,cellular,25,feb,531,2,-1,0,unknown,1
33819,71,retired,married,tertiary,no,2651,no,no,cellular,30,feb,531,15,-1,0,unknown,1
33820,59,retired,married,tertiary,no,2651,no,no,cellular,5,sep,531,2,-1,0,unknown,1
33821,19,management,single,tertiary,no,1761,yes,no,cellular,15,may,1271,2,294,1,other,1
33822,30,management,single,tertiary,no,1761,yes,no,cellular,28,may,229,2,486,1,other,0
33823,30,management,single,tertiary,no,1761,yes,no,cellular,15,jun,1053,2,294,1,other,1
33824,30,management,single,tertiary,no,1761,yes,no,cellular,15,may,1697,2,294,1,other,1
33825,30,management,married,tertiary,no,1761,yes,no,cellular,15,may,740,2,294,1,other,1
33826,50,retired,single,tertiary,no,339,yes,no,unknown,5,may,1287,3,-1,0,unknown,1
33827,50,technician,single,tertiary,no,339,yes,no,unknown,17,may,1153,3,-1,0,unknown,1
33828,50,technician,single,tertiary,no,65549,yes,no,unknown,5,may,3422,3,-1,0,unknown,1
33829,50,technician,single,secondary,no,339,yes,no,unknown,5,may,1580,3,-1,0,unknown,0
33830,50,admin.,single,tertiary,no,339,yes,no,unknown,5,may,1710,3,-1,0,unknown,1
33831,41,unknown,single,tertiary,no,1567,no,no,cellular,1,jul,291,2,-1,35,success,0
33832,41,unknown,single,tertiary,no,1567,no,no,cellular,1,sep,1613,2,-1,0,unknown,1
33833,41,unknown,single,tertiary,no,1567,no,no,cellular,1,jul,291,2,-1,16,success,0
33834,41,unknown,single,tertiary,no,1567,no,no,cellular,1,jul,291,2,445,0,other,1
33835,41,unknown,single,tertiary,no,57370,no,no,cellular,1,jul,1297,2,-1,0,unknown,1
33836,33,management,single,tertiary,yes,21096,yes,no,unknown,2,jun,1340,2,-1,0,unknown,0
33837,33,management,single,tertiary,no,21096,yes,no,unknown,20,jun,2260,2,-1,0,unknown,1
33838,33,management,single,tertiary,no,21096,yes,no,cellular,2,jun,1192,2,-1,0,unknown,0
33839,33,management,divorced,tertiary,no,21096,yes,no,unknown,2,jun,1677,2,-1,0,unknown,0
33840,33,management,single,tertiary,no,21096,no,no,unknown,2,jun,953,2,-1,0,unknown,1
33841,38,admin.,married,secondary,no,8,no,no,unknown,7,may,1404,1,-1,0,unknown,1
33842,38,admin.,married,secondary,no,8,yes,no,unknown,7,may,2029,1,-1,0,unknown,1
33843,38,admin.,married,secondary,no,8,yes,no,unknown,7,may,1344,1,-1,0,unknown,1
33844,38,admin.,married,secondary,no,8,yes,no,unknown,7,may,1514,1,-1,0,unknown,1
33845,38,admin.,married,secondary,no,8,yes,no,unknown,7,may,1740,1,-1,0,unknown,1
