,status,duration,credit_history,purpose,amount,savings,employment_duration,installment_rate,personal_status_sex,other_debtors,present_residence,property,age,other_installment_plans,housing,number_credits,job,people_liable,telephone,foreign_worker,credit
1299,2,12,all credits at this bank paid back duly,others,1995,... <  100 DM,1,0,female : non-single or male : single,none,3,building soc. savings agr./life insurance,27,none,for free,1,skilled employee/official,0 to 2,no,no,0
1300,2,12,critical account/other credits elsewhere,others,1995,... <  100 DM,1,0,female : single,none,3,building soc. savings agr./life insurance,27,none,rent,1,skilled employee/official,0 to 2,no,no,0
1301,3,54,critical account/other credits elsewhere,car (used),2186,... >= 1000 DM,3,3,female : non-single or male : single,guarantor,0,real estate,33,none,for free,1,unskilled - resident,0 to 2,no,no,0
1302,2,27,no credits taken/all credits paid back duly,car (used),1352,... >= 1000 DM,0,0,female : non-single or male : single,none,0,unknown / no property,33,bank,for free,3-Feb,unskilled - resident,0 to 2,no,no,0
1303,2,60,all credits at this bank paid back duly,repairs,1927,... >= 1000 DM,2,1,female : non-single or male : single,none,2,building soc. savings agr./life insurance,33,none,for free,3-Feb,skilled employee/official,0 to 2,no,no,0
1304,2,30,all credits at this bank paid back duly,repairs,1927,... >= 1000 DM,2,1,female : non-single or male : single,none,2,unknown / no property,33,stores,rent,3-Feb,skilled employee/official,0 to 2,yes (under customer name),no,0
1305,1,36,existing credits paid back duly till now,car (used),2136,unknown/no savings account,2,1,male : married/widowed,none,2,unknown / no property,25,none,rent,1,skilled employee/official,0 to 2,no,no,0
1306,1,9,no credits taken/all credits paid back duly,others,2136,unknown/no savings account,2,1,female : non-single or male : single,none,2,unknown / no property,25,none,rent,1,skilled employee/official,0 to 2,no,no,0
1307,1,72,all credits at this bank paid back duly,car (new),6187,... <  100 DM,0,3,female : single,none,0,building soc. savings agr./life insurance,24,none,for free,3-Feb,skilled employee/official,0 to 2,no,no,0
1308,1,47,all credits at this bank paid back duly,car (new),6187,unknown/no savings account,3,3,female : single,none,0,building soc. savings agr./life insurance,24,none,for free,3-Feb,skilled employee/official,0 to 2,no,no,0
1309,2,60,delay in paying off in the past,car (used),3244,unknown/no savings account,2,3,female : non-single or male : single,none,0,building soc. savings agr./life insurance,33,bank,for free,3-Feb,skilled employee/official,0 to 2,yes (under customer name),no,0
1310,2,9,delay in paying off in the past,car (used),3244,unknown/no savings account,2,3,female : non-single or male : single,none,0,building soc. savings agr./life insurance,33,bank,for free,3-Feb,skilled employee/official,0 to 2,yes (under customer name),no,0
1311,1,54,all credits at this bank paid back duly,others,860,unknown/no savings account,4,3,female : non-single or male : single,none,0,real estate,39,bank,rent,3-Feb,skilled employee/official,0 to 2,yes (under customer name),no,0
1312,1,72,critical account/other credits elsewhere,others,860,unknown/no savings account,4,3,female : non-single or male : single,none,0,real estate,39,none,rent,3-Feb,skilled employee/official,0 to 2,yes (under customer name),no,0
1313,2,48,no credits taken/all credits paid back duly,retraining,15672,... >= 1000 DM,2,2,male : married/widowed,none,2,building soc. savings agr./life insurance,23,none,rent,1,skilled employee/official,3 or more,yes (under customer name),no,1
1314,2,48,no credits taken/all credits paid back duly,retraining,4736,... >= 1000 DM,2,2,male : married/widowed,none,2,building soc. savings agr./life insurance,23,none,rent,1,skilled employee/official,0 to 2,yes (under customer name),no,1
1315,1,24,critical account/other credits elsewhere,others,2325,... <  100 DM,0,2,female : non-single or male : single,none,1,building soc. savings agr./life insurance,32,bank,rent,1,skilled employee/official,0 to 2,no,no,0
1316,1,24,critical account/other credits elsewhere,others,2325,... <  100 DM,3,2,male : married/widowed,none,1,car or other,32,bank,for free,1,skilled employee/official,0 to 2,no,no,0
1317,1,18,critical account/other credits elsewhere,others,1820,unknown/no savings account,2,2,female : single,none,2,car or other,30,none,rent,1,manager/self-empl./highly qualif. employee,0 to 2,yes (under customer name),no,0
1318,2,18,critical account/other credits elsewhere,others,1820,unknown/no savings account,2,2,female : single,none,2,car or other,30,none,rent,1,manager/self-empl./highly qualif. employee,0 to 2,yes (under customer name),no,0
1319,3,47,no credits taken/all credits paid back duly,others,1961,unknown/no savings account,4,1,female : non-single or male : single,none,2,building soc. savings agr./life insurance,23,none,for free,1,manager/self-empl./highly qualif. employee,0 to 2,no,no,0
1320,3,54,no credits taken/all credits paid back duly,others,1961,unknown/no savings account,1,1,female : non-single or male : single,none,2,building soc. savings agr./life insurance,23,none,rent,1,manager/self-empl./highly qualif. employee,0 to 2,no,no,0
1321,1,36,all credits at this bank paid back duly,others,1495,unknown/no savings account,0,0,male : married/widowed,none,3,unknown / no property,38,none,rent,3-Feb,unskilled - resident,3 or more,no,no,0
1322,3,12,all credits at this bank paid back duly,others,1495,unknown/no savings account,4,0,male : married/widowed,none,3,unknown / no property,38,bank,rent,5-Apr,unskilled - resident,3 or more,no,no,0
1323,3,18,critical account/other credits elsewhere,others,783,... >= 1000 DM,2,3,male : divorced/separated,co-applicant,2,unknown / no property,26,stores,own,1,unskilled - resident,3 or more,no,no,0
1324,1,26,critical account/other credits elsewhere,others,783,... >= 1000 DM,2,3,male : divorced/separated,guarantor,2,car or other,26,stores,rent,5-Apr,unskilled - resident,3 or more,no,no,0
1325,2,60,no credits taken/all credits paid back duly,retraining,6527,unknown/no savings account,2,0,male : married/widowed,none,0,real estate,34,none,own,1,skilled employee/official,3 or more,yes (under customer name),no,0
1326,0,60,no credits taken/all credits paid back duly,repairs,6527,unknown/no savings account,2,0,male : married/widowed,none,0,real estate,61,stores,own,1,skilled employee/official,3 or more,yes (under customer name),no,0
1327,1,21,all credits at this bank paid back duly,car (new),6143,unknown/no savings account,4,0,female : non-single or male : single,none,0,real estate,58,stores,own,1,unskilled - resident,0 to 2,no,no,1
1328,1,8,all credits at this bank paid back duly,car (new),6143,unknown/no savings account,4,0,female : non-single or male : single,none,0,real estate,58,stores,own,3-Feb,unskilled - resident,3 or more,no,no,0
1329,3,48,no credits taken/all credits paid back duly,others,8487,unknown/no savings account,3,3,female : non-single or male : single,none,2,building soc. savings agr./life insurance,24,none,rent,1,skilled employee/official,0 to 2,no,no,0
1330,2,48,no credits taken/all credits paid back duly,others,8487,unknown/no savings account,3,3,female : non-single or male : single,none,2,building soc. savings agr./life insurance,24,none,rent,>= 6,skilled employee/official,0 to 2,no,no,0
1331,1,54,no credits taken/all credits paid back duly,car (used),3021,unknown/no savings account,2,2,male : divorced/separated,none,0,unknown / no property,24,none,for free,1,unskilled - resident,0 to 2,no,no,0
1332,1,48,no credits taken/all credits paid back duly,car (used),3021,unknown/no savings account,3,2,male : divorced/separated,none,2,unknown / no property,24,none,for free,1,unskilled - resident,0 to 2,no,no,0
1333,0,12,existing credits paid back duly till now,car (used),1123,100 <= ... <  500 DM,2,0,female : non-single or male : single,none,0,building soc. savings agr./life insurance,55,none,for free,1,unskilled - resident,0 to 2,no,no,1
1334,0,12,no credits taken/all credits paid back duly,car (used),3275,100 <= ... <  500 DM,2,0,female : single,none,0,building soc. savings agr./life insurance,29,none,for free,1,unskilled - resident,0 to 2,no,no,1
1335,1,11,all credits at this bank paid back duly,repairs,8065,unknown/no savings account,2,1,female : non-single or male : single,none,2,real estate,32,none,rent,3-Feb,manager/self-empl./highly qualif. employee,0 to 2,yes (under customer name),no,1
1336,1,6,all credits at this bank paid back duly,repairs,8065,unknown/no savings account,2,1,female : non-single or male : single,none,2,unknown / no property,25,none,rent,3-Feb,manager/self-empl./highly qualif. employee,0 to 2,yes (under customer name),no,0
1337,1,60,no credits taken/all credits paid back duly,others,1201,unknown/no savings account,1,0,male : married/widowed,none,3,car or other,26,none,rent,1,skilled employee/official,0 to 2,no,no,0
1338,2,24,no credits taken/all credits paid back duly,others,1201,unknown/no savings account,1,0,female : non-single or male : single,none,3,car or other,26,stores,rent,1,skilled employee/official,0 to 2,no,no,0
1339,1,24,delay in paying off in the past,car (used),2132,... >= 1000 DM,1,2,female : non-single or male : single,co-applicant,1,unknown / no property,27,none,for free,3-Feb,skilled employee/official,0 to 2,no,no,0
1340,1,48,all credits at this bank paid back duly,car (used),2132,... <  100 DM,1,2,female : non-single or male : single,co-applicant,1,unknown / no property,27,stores,for free,3-Feb,skilled employee/official,0 to 2,no,no,0
1341,3,27,critical account/other credits elsewhere,car (used),1569,... >= 1000 DM,2,3,female : single,none,2,car or other,27,none,for free,3-Feb,skilled employee/official,0 to 2,no,no,0
1342,0,39,all credits at this bank paid back duly,others,2039,... >= 1000 DM,2,3,female : non-single or male : single,none,2,car or other,27,stores,for free,3-Feb,skilled employee/official,0 to 2,yes (under customer name),no,0
1343,2,9,no credits taken/all credits paid back duly,furniture/equipment,918,unknown/no savings account,2,0,female : single,none,3,car or other,30,none,rent,1,skilled employee/official,0 to 2,no,no,1
1344,2,9,no credits taken/all credits paid back duly,car (used),918,unknown/no savings account,2,0,female : non-single or male : single,none,3,car or other,53,none,rent,1,skilled employee/official,0 to 2,yes (under customer name),no,1
1345,3,21,existing credits paid back duly till now,car (used),1591,unknown/no savings account,3,0,male : married/widowed,none,1,unknown / no property,23,none,rent,3-Feb,skilled employee/official,0 to 2,no,no,0
1346,1,21,existing credits paid back duly till now,repairs,1591,... <  100 DM,3,0,male : married/widowed,none,1,real estate,34,none,rent,3-Feb,skilled employee/official,0 to 2,no,no,0
1347,2,21,existing credits paid back duly till now,repairs,2993,unknown/no savings account,2,1,male : married/widowed,none,2,unknown / no property,28,stores,rent,3-Feb,unskilled - resident,0 to 2,no,no,0
1348,1,21,existing credits paid back duly till now,repairs,2993,unknown/no savings account,2,1,male : married/widowed,none,2,unknown / no property,28,stores,rent,3-Feb,unskilled - resident,0 to 2,no,no,0
1349,0,15,all credits at this bank paid back duly,others,1360,unknown/no savings account,2,0,male : married/widowed,none,2,car or other,31,bank,rent,3-Feb,skilled employee/official,0 to 2,no,no,0
1350,3,15,critical account/other credits elsewhere,repairs,1360,unknown/no savings account,2,0,male : married/widowed,none,2,car or other,31,none,rent,3-Feb,skilled employee/official,0 to 2,no,no,0
1351,1,24,critical account/other credits elsewhere,car (new),6615,unknown/no savings account,0,2,male : married/widowed,none,0,real estate,75,bank,own,3-Feb,manager/self-empl./highly qualif. employee,0 to 2,yes (under customer name),no,0
1352,1,72,critical account/other credits elsewhere,car (new),6615,unknown/no savings account,0,2,male : married/widowed,none,0,real estate,75,none,own,3-Feb,manager/self-empl./highly qualif. employee,0 to 2,yes (under customer name),no,0
1353,0,18,no credits taken/all credits paid back duly,furniture/equipment,1311,unknown/no savings account,4,1,female : non-single or male : single,co-applicant,0,unknown / no property,22,none,for free,1,skilled employee/official,0 to 2,no,no,1
1354,0,18,no credits taken/all credits paid back duly,furniture/equipment,1842,unknown/no savings account,0,1,female : non-single or male : single,co-applicant,0,unknown / no property,22,none,for free,1,skilled employee/official,0 to 2,yes (under customer name),no,0
1355,1,36,existing credits paid back duly till now,car (new),3594,unknown/no savings account,1,3,female : non-single or male : single,none,2,building soc. savings agr./life insurance,24,bank,rent,>= 6,unskilled - resident,3 or more,no,no,0
1356,1,48,critical account/other credits elsewhere,car (new),5848,unknown/no savings account,1,3,female : non-single or male : single,none,2,car or other,46,none,rent,3-Feb,skilled employee/official,3 or more,no,no,0
1357,1,36,all credits at this bank paid back duly,others,1842,unknown/no savings account,1,0,female : non-single or male : single,none,0,building soc. savings agr./life insurance,53,none,rent,1,skilled employee/official,0 to 2,yes (under customer name),no,1
1358,1,18,no credits taken/all credits paid back duly,others,1842,unknown/no savings account,1,0,female : non-single or male : single,none,0,building soc. savings agr./life insurance,34,none,rent,1,skilled employee/official,0 to 2,yes (under customer name),yes,1
1359,3,54,no credits taken/all credits paid back duly,retraining,1449,unknown/no savings account,3,1,female : non-single or male : single,none,2,building soc. savings agr./life insurance,27,none,rent,3-Feb,skilled employee/official,0 to 2,no,no,0
1360,1,45,no credits taken/all credits paid back duly,retraining,1449,unknown/no savings account,3,1,female : non-single or male : single,none,2,building soc. savings agr./life insurance,27,none,rent,3-Feb,skilled employee/official,0 to 2,no,no,0
1361,2,42,critical account/other credits elsewhere,retraining,5954,unknown/no savings account,3,2,female : non-single or male : single,none,3,unknown / no property,41,bank,rent,3-Feb,skilled employee/official,0 to 2,no,no,0
1362,2,42,critical account/other credits elsewhere,retraining,5954,unknown/no savings account,3,2,female : non-single or male : single,none,3,car or other,41,bank,rent,3-Feb,unskilled - resident,0 to 2,no,no,0
1363,2,15,no credits taken/all credits paid back duly,furniture/equipment,1444,... >= 1000 DM,1,0,female : single,none,3,car or other,23,none,for free,1,skilled employee/official,3 or more,no,no,0
1364,2,15,no credits taken/all credits paid back duly,others,1444,... >= 1000 DM,1,0,female : non-single or male : single,none,3,car or other,23,none,rent,1,skilled employee/official,0 to 2,no,no,0
1365,2,36,no credits taken/all credits paid back duly,car (new),4712,unknown/no savings account,1,3,male : married/widowed,none,0,building soc. savings agr./life insurance,28,none,for free,1,manager/self-empl./highly qualif. employee,0 to 2,yes (under customer name),no,1
1366,2,36,no credits taken/all credits paid back duly,car (new),9398,... >= 1000 DM,1,3,female : single,none,0,building soc. savings agr./life insurance,58,none,for free,1,manager/self-empl./highly qualif. employee,0 to 2,yes (under customer name),no,0
1367,0,36,existing credits paid back duly till now,retraining,7980,... >= 1000 DM,1,0,male : married/widowed,none,0,building soc. savings agr./life insurance,27,none,rent,3-Feb,skilled employee/official,0 to 2,yes (under customer name),yes,1
1368,3,15,existing credits paid back duly till now,retraining,7980,... >= 1000 DM,1,0,male : married/widowed,none,0,building soc. savings agr./life insurance,27,none,for free,3-Feb,skilled employee/official,0 to 2,yes (under customer name),no,1
1369,0,47,no credits taken/all credits paid back duly,car (used),1768,unknown/no savings account,2,1,male : married/widowed,none,2,real estate,63,bank,for free,1,unskilled - resident,0 to 2,no,no,0
1370,3,12,no credits taken/all credits paid back duly,radio/television,1768,unknown/no savings account,2,1,female : non-single or male : single,none,2,unknown / no property,24,none,rent,1,unskilled - resident,0 to 2,no,no,0
1371,1,30,critical account/other credits elsewhere,business,6078,... >= 1000 DM,4,3,male : married/widowed,co-applicant,0,building soc. savings agr./life insurance,63,none,own,>= 6,skilled employee/official,0 to 2,no,no,0
1372,3,30,critical account/other credits elsewhere,radio/television,7596,unknown/no savings account,4,3,male : married/widowed,guarantor,0,building soc. savings agr./life insurance,63,stores,rent,3-Feb,skilled employee/official,0 to 2,no,no,0
1373,0,24,critical account/other credits elsewhere,car (used),3349,100 <= ... <  500 DM,1,0,male : married/widowed,none,0,real estate,30,none,own,1,skilled employee/official,0 to 2,yes (under customer name),no,1
1374,1,24,all credits at this bank paid back duly,car (used),3349,100 <= ... <  500 DM,1,0,male : married/widowed,none,2,real estate,30,none,own,1,skilled employee/official,3 or more,yes (under customer name),no,1
1375,0,60,critical account/other credits elsewhere,others,13756,... <  100 DM,4,2,male : married/widowed,none,0,real estate,63,bank,own,>= 6,manager/self-empl./highly qualif. employee,0 to 2,yes (under customer name),no,0
1376,3,60,all credits at this bank paid back duly,others,13756,... >= 1000 DM,4,2,male : divorced/separated,none,0,real estate,63,bank,own,1,skilled employee/official,0 to 2,yes (under customer name),no,0
1377,1,4,no credits taken/all credits paid back duly,furniture/equipment,2302,unknown/no savings account,2,0,male : divorced/separated,none,0,building soc. savings agr./life insurance,31,none,for free,1,skilled employee/official,3 or more,no,no,1
1378,0,36,no credits taken/all credits paid back duly,car (new),2302,unknown/no savings account,2,0,male : divorced/separated,none,0,building soc. savings agr./life insurance,31,none,for free,1,skilled employee/official,0 to 2,no,no,1
1379,2,30,existing credits paid back duly till now,retraining,2503,... <  100 DM,0,0,male : married/widowed,none,2,car or other,22,stores,rent,3-Feb,skilled employee/official,3 or more,no,no,0
1380,2,30,critical account/other credits elsewhere,retraining,709,... <  100 DM,1,0,male : married/widowed,none,2,car or other,41,stores,rent,3-Feb,skilled employee/official,0 to 2,no,no,0
1381,2,48,existing credits paid back duly till now,furniture/equipment,1553,... <  100 DM,0,1,female : non-single or male : single,none,2,car or other,23,none,for free,3-Feb,skilled employee/official,0 to 2,yes (under customer name),no,0
1382,2,24,critical account/other credits elsewhere,furniture/equipment,1553,unknown/no savings account,3,1,female : non-single or male : single,none,2,car or other,23,none,for free,3-Feb,skilled employee/official,0 to 2,yes (under customer name),no,0
1383,1,12,no credits taken/all credits paid back duly,domestic appliances,1493,unknown/no savings account,1,0,female : non-single or male : single,none,1,building soc. savings agr./life insurance,34,none,rent,1,skilled employee/official,3 or more,no,no,0
1384,1,24,no credits taken/all credits paid back duly,furniture/equipment,1493,unknown/no savings account,1,0,female : non-single or male : single,none,1,building soc. savings agr./life insurance,34,none,rent,1,skilled employee/official,3 or more,no,no,0
1385,1,72,all credits at this bank paid back duly,others,3905,unknown/no savings account,2,2,male : married/widowed,none,2,unknown / no property,36,stores,for free,3-Feb,skilled employee/official,3 or more,no,no,0
1386,1,72,all credits at this bank paid back duly,others,3905,unknown/no savings account,2,2,male : married/widowed,none,2,unknown / no property,36,none,own,3-Feb,skilled employee/official,3 or more,no,no,0
1387,2,60,no credits taken/all credits paid back duly,car (used),1521,unknown/no savings account,2,0,male : divorced/separated,none,2,building soc. savings agr./life insurance,31,none,rent,1,unskilled - resident,0 to 2,no,no,0
1388,2,39,no credits taken/all credits paid back duly,car (used),1521,unknown/no savings account,2,0,male : divorced/separated,none,2,car or other,31,none,rent,1,unskilled - resident,0 to 2,no,no,0
1389,0,54,no credits taken/all credits paid back duly,car (used),601,unknown/no savings account,1,3,female : non-single or male : single,none,1,building soc. savings agr./life insurance,23,none,for free,1,unskilled - resident,3 or more,no,no,0
1390,0,54,no credits taken/all credits paid back duly,car (used),601,unknown/no savings account,1,3,female : non-single or male : single,co-applicant,1,building soc. savings agr./life insurance,23,none,for free,1,unskilled - resident,3 or more,no,no,0
1391,2,48,existing credits paid back duly till now,retraining,6681,unknown/no savings account,2,0,male : married/widowed,none,0,unknown / no property,38,none,own,1,skilled employee/official,3 or more,yes (under customer name),no,0
1392,1,48,existing credits paid back duly till now,retraining,6681,unknown/no savings account,2,0,male : married/widowed,none,0,real estate,38,none,own,1,skilled employee/official,3 or more,yes (under customer name),no,0
1393,2,72,all credits at this bank paid back duly,furniture/equipment,3213,100 <= ... <  500 DM,1,3,female : single,none,1,unknown / no property,25,none,for free,1,skilled employee/official,0 to 2,no,no,0
1394,2,48,no credits taken/all credits paid back duly,furniture/equipment,3213,100 <= ... <  500 DM,1,3,female : single,none,2,building soc. savings agr./life insurance,25,none,for free,1,skilled employee/official,0 to 2,no,no,0
1395,1,24,existing credits paid back duly till now,car (used),1747,unknown/no savings account,1,0,male : divorced/separated,co-applicant,3,car or other,24,none,rent,1,unskilled - resident,0 to 2,no,no,0
1396,1,24,no credits taken/all credits paid back duly,car (used),1747,unknown/no savings account,1,0,female : non-single or male : single,co-applicant,3,car or other,24,none,rent,1,unskilled - resident,0 to 2,no,no,0
1397,2,12,no credits taken/all credits paid back duly,furniture/equipment,766,100 <= ... <  500 DM,2,0,male : married/widowed,none,1,real estate,27,none,rent,1,unskilled - resident,0 to 2,no,no,1
1398,2,12,no credits taken/all credits paid back duly,furniture/equipment,766,100 <= ... <  500 DM,2,0,female : non-single or male : single,none,1,unknown / no property,66,none,rent,1,unskilled - resident,3 or more,no,no,1
1399,1,60,no credits taken/all credits paid back duly,car (new),1352,100 <= ... <  500 DM,0,3,female : non-single or male : single,none,2,building soc. savings agr./life insurance,23,none,for free,1,skilled employee/official,0 to 2,yes (under customer name),no,0
1400,1,48,no credits taken/all credits paid back duly,car (new),1352,unknown/no savings account,0,3,female : non-single or male : single,none,2,car or other,23,none,for free,1,unemployed/unskilled - non-resident,0 to 2,yes (under customer name),no,0
1401,1,72,no credits taken/all credits paid back duly,others,1418,... <  100 DM,2,1,male : married/widowed,none,2,unknown / no property,35,stores,rent,1,unskilled - resident,0 to 2,no,yes,0
1402,3,10,critical account/other credits elsewhere,others,1376,... <  100 DM,2,1,male : married/widowed,none,2,real estate,35,none,for free,1,unskilled - resident,0 to 2,no,yes,0
1403,1,9,delay in paying off in the past,others,2134,unknown/no savings account,2,1,male : married/widowed,none,0,building soc. savings agr./life insurance,25,none,rent,5-Apr,skilled employee/official,0 to 2,yes (under customer name),no,0
1404,1,24,delay in paying off in the past,others,2134,unknown/no savings account,2,0,male : married/widowed,none,0,building soc. savings agr./life insurance,48,none,rent,5-Apr,skilled employee/official,0 to 2,yes (under customer name),no,0
1405,1,42,all credits at this bank paid back duly,repairs,3394,unknown/no savings account,0,0,male : married/widowed,co-applicant,0,building soc. savings agr./life insurance,25,none,rent,3-Feb,unemployed/unskilled - non-resident,0 to 2,no,no,0
1406,1,42,all credits at this bank paid back duly,domestic appliances,3394,unknown/no savings account,0,0,male : divorced/separated,co-applicant,0,building soc. savings agr./life insurance,24,none,rent,3-Feb,unemployed/unskilled - non-resident,0 to 2,no,no,0
1407,0,48,no credits taken/all credits paid back duly,others,10127,100 <= ... <  500 DM,2,2,male : married/widowed,none,0,real estate,44,none,own,1,skilled employee/official,0 to 2,no,no,1
1408,0,48,all credits at this bank paid back duly,furniture/equipment,10127,100 <= ... <  500 DM,2,2,male : married/widowed,none,2,car or other,44,none,own,1,skilled employee/official,0 to 2,no,no,1
1409,1,12,no credits taken/all credits paid back duly,furniture/equipment,6199,unknown/no savings account,2,3,male : married/widowed,none,2,car or other,28,none,for free,3-Feb,skilled employee/official,0 to 2,yes (under customer name),no,1
1410,0,12,delay in paying off in the past,furniture/equipment,6199,unknown/no savings account,2,0,male : married/widowed,none,2,car or other,28,none,for free,5-Apr,skilled employee/official,0 to 2,yes (under customer name),no,1
1411,0,36,critical account/other credits elsewhere,others,5045,... <  100 DM,4,3,female : non-single or male : single,none,0,building soc. savings agr./life insurance,29,none,for free,>= 6,skilled employee/official,0 to 2,yes (under customer name),no,0
1412,3,15,critical account/other credits elsewhere,others,5045,... >= 1000 DM,4,3,male : married/widowed,none,1,building soc. savings agr./life insurance,59,stores,for free,1,skilled employee/official,0 to 2,yes (under customer name),no,0
1413,0,10,existing credits paid back duly till now,retraining,9572,unknown/no savings account,1,3,male : divorced/separated,guarantor,3,building soc. savings agr./life insurance,28,none,rent,3-Feb,skilled employee/official,0 to 2,no,no,1
1414,0,30,existing credits paid back duly till now,retraining,1901,unknown/no savings account,1,3,male : divorced/separated,none,3,building soc. savings agr./life insurance,28,none,rent,3-Feb,skilled employee/official,0 to 2,no,no,1
1415,3,12,all credits at this bank paid back duly,retraining,609,500 <= ... < 1000 DM,1,0,female : non-single or male : single,none,3,unknown / no property,26,bank,rent,1,unemployed/unskilled - non-resident,0 to 2,no,no,1
1416,3,12,all credits at this bank paid back duly,retraining,3518,unknown/no savings account,1,0,female : non-single or male : single,none,3,unknown / no property,26,bank,rent,1,unemployed/unskilled - non-resident,0 to 2,no,no,1
1417,3,60,no credits taken/all credits paid back duly,others,2133,... >= 1000 DM,4,0,female : non-single or male : single,none,0,real estate,52,none,own,1,manager/self-empl./highly qualif. employee,0 to 2,yes (under customer name),no,0
1418,1,12,no credits taken/all credits paid back duly,others,14555,... >= 1000 DM,4,0,female : non-single or male : single,none,0,real estate,52,none,own,1,manager/self-empl./highly qualif. employee,0 to 2,yes (under customer name),no,0
1419,2,54,no credits taken/all credits paid back duly,retraining,1568,... <  100 DM,2,1,female : non-single or male : single,none,0,car or other,24,none,for free,1,unskilled - resident,0 to 2,no,no,0
1420,2,18,no credits taken/all credits paid back duly,retraining,15945,... <  100 DM,2,1,female : non-single or male : single,none,0,car or other,24,none,for free,1,unskilled - resident,0 to 2,no,no,0
1421,0,36,no credits taken/all credits paid back duly,vacation,1977,... >= 1000 DM,4,0,male : married/widowed,none,0,real estate,40,none,rent,1,manager/self-empl./highly qualif. employee,0 to 2,yes (under customer name),no,1
1422,1,36,no credits taken/all credits paid back duly,repairs,1977,100 <= ... <  500 DM,4,0,male : married/widowed,none,0,unknown / no property,40,none,rent,1,manager/self-empl./highly qualif. employee,0 to 2,yes (under customer name),no,1
1423,3,24,existing credits paid back duly till now,others,1516,unknown/no savings account,2,0,female : non-single or male : single,none,3,unknown / no property,43,stores,rent,3-Feb,unskilled - resident,0 to 2,no,no,0
1424,2,24,all credits at this bank paid back duly,domestic appliances,1516,100 <= ... <  500 DM,2,0,female : non-single or male : single,none,0,unknown / no property,43,stores,rent,3-Feb,unskilled - resident,0 to 2,no,no,0
1425,2,18,critical account/other credits elsewhere,retraining,1913,500 <= ... < 1000 DM,1,1,female : non-single or male : single,none,1,unknown / no property,36,bank,own,1,unemployed/unskilled - non-resident,0 to 2,yes (under customer name),no,0
1426,2,60,no credits taken/all credits paid back duly,repairs,1913,unknown/no savings account,1,1,female : single,co-applicant,1,unknown / no property,36,bank,rent,1,skilled employee/official,0 to 2,yes (under customer name),no,0
1427,3,28,no credits taken/all credits paid back duly,vacation,3949,unknown/no savings account,1,0,male : married/widowed,none,3,car or other,37,none,rent,1,unskilled - resident,3 or more,no,no,0
1428,1,10,critical account/other credits elsewhere,others,3949,unknown/no savings account,1,1,male : married/widowed,guarantor,3,car or other,20,none,rent,1,unskilled - resident,3 or more,no,no,0
1429,1,15,no credits taken/all credits paid back duly,others,1721,unknown/no savings account,1,2,female : non-single or male : single,none,1,unknown / no property,19,none,rent,1,skilled employee/official,0 to 2,no,no,0
1430,1,15,no credits taken/all credits paid back duly,others,1721,unknown/no savings account,1,0,male : married/widowed,none,1,real estate,63,none,rent,1,skilled employee/official,0 to 2,no,no,0
1431,2,7,existing credits paid back duly till now,others,2225,unknown/no savings account,4,0,male : married/widowed,none,0,real estate,57,bank,rent,3-Feb,skilled employee/official,0 to 2,yes (under customer name),no,1
1432,2,16,existing credits paid back duly till now,others,2225,unknown/no savings account,4,0,male : married/widowed,none,0,real estate,57,bank,rent,3-Feb,skilled employee/official,0 to 2,yes (under customer name),no,1
1433,1,45,critical account/other credits elsewhere,car (new),3632,unknown/no savings account,2,3,female : non-single or male : single,guarantor,0,real estate,50,bank,for free,1,skilled employee/official,0 to 2,no,yes,0
1434,1,24,critical account/other credits elsewhere,others,3244,unknown/no savings account,2,0,female : non-single or male : single,guarantor,0,building soc. savings agr./life insurance,22,bank,for free,1,skilled employee/official,0 to 2,no,yes,0
1435,0,36,no credits taken/all credits paid back duly,car (used),10974,unknown/no savings account,3,0,female : non-single or male : single,none,2,building soc. savings agr./life insurance,65,none,rent,3-Feb,manager/self-empl./highly qualif. employee,0 to 2,yes (under customer name),no,1
1436,0,36,no credits taken/all credits paid back duly,car (used),10974,unknown/no savings account,3,0,female : non-single or male : single,none,2,building soc. savings agr./life insurance,45,none,rent,3-Feb,manager/self-empl./highly qualif. employee,0 to 2,yes (under customer name),no,1
1437,1,48,critical account/other credits elsewhere,car (new),9277,... >= 1000 DM,2,2,male : divorced/separated,none,0,real estate,48,none,for free,1,skilled employee/official,0 to 2,yes (under customer name),no,0
1438,3,24,critical account/other credits elsewhere,business,9277,... >= 1000 DM,2,3,male : divorced/separated,none,0,real estate,48,none,own,1,skilled employee/official,0 to 2,yes (under customer name),no,0
1439,2,48,no credits taken/all credits paid back duly,furniture/equipment,2063,unknown/no savings account,1,0,female : single,none,1,building soc. savings agr./life insurance,30,none,for free,1,unskilled - resident,0 to 2,yes (under customer name),no,0
1440,2,60,no credits taken/all credits paid back duly,furniture/equipment,2063,unknown/no savings account,1,0,female : single,none,1,building soc. savings agr./life insurance,30,none,for free,1,manager/self-empl./highly qualif. employee,0 to 2,yes (under customer name),no,0
1441,0,30,all credits at this bank paid back duly,others,5771,unknown/no savings account,3,0,female : non-single or male : single,none,2,building soc. savings agr./life insurance,25,bank,rent,3-Feb,skilled employee/official,0 to 2,no,no,0
1442,3,54,all credits at this bank paid back duly,furniture/equipment,5771,unknown/no savings account,3,0,female : non-single or male : single,none,2,building soc. savings agr./life insurance,25,none,rent,3-Feb,skilled employee/official,0 to 2,no,no,0
1443,2,60,no credits taken/all credits paid back duly,car (used),3017,unknown/no savings account,1,1,female : non-single or male : single,none,3,unknown / no property,34,none,for free,1,skilled employee/official,0 to 2,no,no,0
1444,2,72,existing credits paid back duly till now,car (used),3017,unknown/no savings account,1,1,female : non-single or male : single,none,3,unknown / no property,34,none,for free,1,manager/self-empl./highly qualif. employee,0 to 2,no,no,0
1445,2,48,delay in paying off in the past,others,959,100 <= ... <  500 DM,1,3,female : non-single or male : single,none,3,building soc. savings agr./life insurance,30,none,own,3-Feb,skilled employee/official,0 to 2,no,no,0
1446,2,48,delay in paying off in the past,others,8358,100 <= ... <  500 DM,1,0,female : non-single or male : single,none,3,unknown / no property,30,none,rent,3-Feb,skilled employee/official,0 to 2,no,no,0
1447,1,54,no credits taken/all credits paid back duly,others,727,100 <= ... <  500 DM,4,0,male : married/widowed,none,0,real estate,46,none,own,3-Feb,skilled employee/official,0 to 2,yes (under customer name),no,0
1448,1,10,no credits taken/all credits paid back duly,repairs,727,unknown/no savings account,4,0,male : divorced/separated,none,0,real estate,46,none,own,1,skilled employee/official,3 or more,yes (under customer name),no,0
1449,2,42,no credits taken/all credits paid back duly,repairs,15672,unknown/no savings account,3,1,female : single,guarantor,1,unknown / no property,28,bank,rent,1,unskilled - resident,0 to 2,no,no,0
1450,2,33,no credits taken/all credits paid back duly,others,484,unknown/no savings account,3,1,female : single,guarantor,1,unknown / no property,28,bank,rent,1,unskilled - resident,0 to 2,no,no,0
1451,2,26,no credits taken/all credits paid back duly,retraining,8229,unknown/no savings account,1,2,female : single,none,2,car or other,26,none,rent,1,skilled employee/official,0 to 2,yes (under customer name),no,0
1452,1,60,no credits taken/all credits paid back duly,retraining,1076,unknown/no savings account,2,2,female : single,none,2,unknown / no property,26,none,rent,3-Feb,skilled employee/official,0 to 2,yes (under customer name),no,0
1453,1,39,critical account/other credits elsewhere,others,3186,500 <= ... < 1000 DM,3,2,female : non-single or male : single,none,1,building soc. savings agr./life insurance,20,none,for free,1,skilled employee/official,0 to 2,no,no,0
1454,2,45,no credits taken/all credits paid back duly,others,3186,500 <= ... < 1000 DM,3,2,female : single,none,1,building soc. savings agr./life insurance,20,none,for free,1,skilled employee/official,0 to 2,no,no,0
1455,1,12,no credits taken/all credits paid back duly,repairs,795,unknown/no savings account,1,0,female : non-single or male : single,none,0,car or other,53,none,rent,1,unemployed/unskilled - non-resident,0 to 2,yes (under customer name),no,0
1456,1,12,existing credits paid back duly till now,repairs,795,unknown/no savings account,1,3,female : non-single or male : single,none,0,car or other,53,none,rent,1,skilled employee/official,0 to 2,no,no,1
1457,1,12,critical account/other credits elsewhere,furniture/equipment,1107,unknown/no savings account,2,2,male : married/widowed,none,2,real estate,20,none,for free,1,manager/self-empl./highly qualif. employee,3 or more,yes (under customer name),no,0
1458,1,12,no credits taken/all credits paid back duly,furniture/equipment,12169,unknown/no savings account,2,2,male : married/widowed,none,2,real estate,20,none,for free,1,manager/self-empl./highly qualif. employee,3 or more,yes (under customer name),no,0
1459,1,10,no credits taken/all credits paid back duly,others,1597,unknown/no savings account,2,1,male : married/widowed,none,0,real estate,40,none,for free,1,unskilled - resident,3 or more,no,yes,0
1460,2,39,no credits taken/all credits paid back duly,others,1597,100 <= ... <  500 DM,2,1,male : married/widowed,none,2,real estate,40,none,for free,1,unskilled - resident,3 or more,no,yes,0
1461,2,18,critical account/other credits elsewhere,car (used),3612,unknown/no savings account,4,1,female : non-single or male : single,none,0,car or other,54,none,own,1,skilled employee/official,0 to 2,yes (under customer name),yes,0
1462,2,18,critical account/other credits elsewhere,car (used),3612,unknown/no savings account,4,1,female : non-single or male : single,none,0,car or other,37,none,rent,1,skilled employee/official,0 to 2,yes (under customer name),no,0
1463,1,54,delay in paying off in the past,retraining,1382,unknown/no savings account,3,0,male : married/widowed,none,3,unknown / no property,26,none,rent,3-Feb,skilled employee/official,0 to 2,yes (under customer name),no,0
1464,1,54,no credits taken/all credits paid back duly,retraining,1382,unknown/no savings account,3,0,male : married/widowed,none,3,unknown / no property,26,none,rent,3-Feb,skilled employee/official,0 to 2,yes (under customer name),no,0
1465,1,12,delay in paying off in the past,retraining,1264,... >= 1000 DM,4,0,male : married/widowed,none,0,real estate,57,none,for free,1,unskilled - resident,3 or more,no,no,0
1466,1,12,critical account/other credits elsewhere,retraining,1264,... >= 1000 DM,4,0,male : married/widowed,none,0,real estate,57,none,for free,1,unskilled - resident,0 to 2,no,no,0
1467,1,26,critical account/other credits elsewhere,car (new),7966,unknown/no savings account,1,2,male : married/widowed,none,1,building soc. savings agr./life insurance,63,none,rent,3-Feb,skilled employee/official,0 to 2,no,no,0
1468,2,26,no credits taken/all credits paid back duly,domestic appliances,2150,unknown/no savings account,1,0,male : married/widowed,none,1,building soc. savings agr./life insurance,30,none,rent,3-Feb,skilled employee/official,0 to 2,no,no,0
1469,1,15,no credits taken/all credits paid back duly,others,3556,... >= 1000 DM,2,1,male : married/widowed,none,2,real estate,29,bank,rent,1,skilled employee/official,0 to 2,no,no,0
1470,2,15,no credits taken/all credits paid back duly,others,3556,... >= 1000 DM,2,1,female : non-single or male : single,none,2,car or other,29,none,rent,1,skilled employee/official,0 to 2,no,no,0
1471,1,54,all credits at this bank paid back duly,retraining,3021,100 <= ... <  500 DM,4,3,male : divorced/separated,co-applicant,2,unknown / no property,28,none,rent,1,skilled employee/official,0 to 2,yes (under customer name),no,0
1472,2,11,critical account/other credits elsewhere,retraining,10875,500 <= ... < 1000 DM,4,3,male : divorced/separated,none,2,car or other,28,stores,for free,1,skilled employee/official,3 or more,yes (under customer name),no,0
1473,0,24,existing credits paid back duly till now,retraining,1984,unknown/no savings account,1,2,male : married/widowed,none,2,building soc. savings agr./life insurance,27,bank,rent,3-Feb,skilled employee/official,0 to 2,yes (under customer name),no,0
1474,0,24,existing credits paid back duly till now,retraining,8648,500 <= ... < 1000 DM,4,2,male : married/widowed,none,2,building soc. savings agr./life insurance,27,bank,rent,3-Feb,skilled employee/official,0 to 2,yes (under customer name),no,1
1475,2,12,critical account/other credits elsewhere,retraining,4623,unknown/no savings account,3,2,female : non-single or male : single,none,0,unknown / no property,23,none,for free,1,unskilled - resident,0 to 2,no,no,0
1476,2,12,critical account/other credits elsewhere,retraining,841,... <  100 DM,3,2,female : non-single or male : single,none,0,building soc. savings agr./life insurance,23,none,for free,1,unskilled - resident,0 to 2,no,no,0
1477,1,24,critical account/other credits elsewhere,repairs,2022,unknown/no savings account,2,0,female : non-single or male : single,none,0,building soc. savings agr./life insurance,37,none,rent,1,skilled employee/official,0 to 2,yes (under customer name),no,0
1478,2,24,delay in paying off in the past,others,1175,unknown/no savings account,2,0,female : non-single or male : single,none,0,building soc. savings agr./life insurance,37,none,rent,1,skilled employee/official,0 to 2,yes (under customer name),no,0
1479,2,15,all credits at this bank paid back duly,repairs,1935,unknown/no savings account,4,0,male : divorced/separated,none,0,unknown / no property,31,none,rent,3-Feb,skilled employee/official,0 to 2,yes (under customer name),no,1
1480,2,24,all credits at this bank paid back duly,retraining,1935,... <  100 DM,4,2,male : divorced/separated,none,0,unknown / no property,31,none,rent,3-Feb,skilled employee/official,0 to 2,yes (under customer name),no,1
1481,1,36,no credits taken/all credits paid back duly,car (new),8133,unknown/no savings account,2,1,female : non-single or male : single,none,0,car or other,30,bank,rent,1,skilled employee/official,0 to 2,no,no,0
1482,2,36,no credits taken/all credits paid back duly,car (new),571,unknown/no savings account,2,3,female : non-single or male : single,none,2,car or other,30,bank,rent,1,skilled employee/official,0 to 2,no,no,0
1483,3,36,no credits taken/all credits paid back duly,furniture/equipment,1963,unknown/no savings account,2,0,male : married/widowed,none,3,building soc. savings agr./life insurance,26,none,rent,1,skilled employee/official,0 to 2,no,no,1
1484,3,18,no credits taken/all credits paid back duly,furniture/equipment,4210,unknown/no savings account,2,0,male : married/widowed,none,2,building soc. savings agr./life insurance,26,bank,rent,1,skilled employee/official,0 to 2,no,no,1
1485,2,12,no credits taken/all credits paid back duly,furniture/equipment,4611,unknown/no savings account,1,2,male : married/widowed,none,3,building soc. savings agr./life insurance,22,none,rent,1,skilled employee/official,0 to 2,no,no,0
1486,2,12,no credits taken/all credits paid back duly,furniture/equipment,1331,unknown/no savings account,1,2,male : married/widowed,none,3,building soc. savings agr./life insurance,34,none,rent,1,skilled employee/official,0 to 2,no,no,1
1487,2,12,critical account/other credits elsewhere,others,1884,unknown/no savings account,4,0,male : married/widowed,none,0,building soc. savings agr./life insurance,21,none,rent,1,manager/self-empl./highly qualif. employee,0 to 2,yes (under customer name),no,0
1488,2,26,critical account/other credits elsewhere,others,1884,unknown/no savings account,4,0,male : married/widowed,none,0,building soc. savings agr./life insurance,39,none,rent,1,manager/self-empl./highly qualif. employee,0 to 2,yes (under customer name),no,0
1489,1,26,all credits at this bank paid back duly,others,4716,... >= 1000 DM,1,3,male : divorced/separated,none,1,unknown / no property,44,bank,own,3-Feb,unskilled - resident,3 or more,no,no,0
1490,1,48,all credits at this bank paid back duly,others,4716,... >= 1000 DM,1,3,male : married/widowed,none,1,building soc. savings agr./life insurance,44,bank,own,3-Feb,unskilled - resident,3 or more,no,no,0
1491,1,33,all credits at this bank paid back duly,car (used),4281,100 <= ... <  500 DM,2,3,female : non-single or male : single,none,0,building soc. savings agr./life insurance,49,none,rent,3-Feb,skilled employee/official,0 to 2,no,no,1
1492,1,33,all credits at this bank paid back duly,car (used),4281,100 <= ... <  500 DM,2,3,female : non-single or male : single,none,0,building soc. savings agr./life insurance,39,none,rent,3-Feb,skilled employee/official,0 to 2,no,no,1
1493,3,24,no credits taken/all credits paid back duly,others,9960,unknown/no savings account,3,0,male : married/widowed,none,2,building soc. savings agr./life insurance,25,bank,rent,1,skilled employee/official,0 to 2,no,no,0
1494,3,24,critical account/other credits elsewhere,car (used),5152,unknown/no savings account,3,0,male : married/widowed,none,2,building soc. savings agr./life insurance,25,bank,rent,1,skilled employee/official,0 to 2,no,no,0
1495,0,5,no credits taken/all credits paid back duly,repairs,719,... <  100 DM,4,0,male : married/widowed,none,0,building soc. savings agr./life insurance,41,bank,rent,1,unskilled - resident,3 or more,no,no,1
1496,0,12,no credits taken/all credits paid back duly,repairs,8648,unknown/no savings account,4,0,male : married/widowed,none,0,building soc. savings agr./life insurance,41,none,rent,1,unskilled - resident,3 or more,no,no,1
1497,2,24,all credits at this bank paid back duly,retraining,2611,unknown/no savings account,4,0,male : divorced/separated,co-applicant,1,unknown / no property,46,none,rent,3-Feb,skilled employee/official,0 to 2,no,no,0
1498,3,24,all credits at this bank paid back duly,furniture/equipment,2611,unknown/no savings account,4,0,female : single,guarantor,1,unknown / no property,30,none,rent,3-Feb,skilled employee/official,0 to 2,no,no,0
1499,2,7,critical account/other credits elsewhere,business,846,... >= 1000 DM,0,1,male : married/widowed,none,3,real estate,36,none,own,1,skilled employee/official,0 to 2,no,no,0
1500,2,36,critical account/other credits elsewhere,furniture/equipment,846,... >= 1000 DM,4,1,female : single,none,0,real estate,48,none,own,1,skilled employee/official,0 to 2,yes (under customer name),no,0
1501,2,36,existing credits paid back duly till now,others,8086,... <  100 DM,4,2,male : married/widowed,none,0,building soc. savings agr./life insurance,42,none,rent,>= 6,unskilled - resident,0 to 2,yes (under customer name),no,1
1502,2,36,existing credits paid back duly till now,car (new),8086,... <  100 DM,0,2,male : married/widowed,none,0,building soc. savings agr./life insurance,42,stores,rent,>= 6,manager/self-empl./highly qualif. employee,0 to 2,yes (under customer name),no,1
1503,3,11,critical account/other credits elsewhere,car (used),1424,... >= 1000 DM,4,1,female : non-single or male : single,none,0,unknown / no property,55,bank,own,1,manager/self-empl./highly qualif. employee,0 to 2,yes (under customer name),no,0
1504,3,36,no credits taken/all credits paid back duly,car (used),1424,unknown/no savings account,4,1,female : non-single or male : single,none,0,real estate,55,none,rent,1,manager/self-empl./highly qualif. employee,0 to 2,yes (under customer name),no,0
1505,1,54,no credits taken/all credits paid back duly,furniture/equipment,1880,unknown/no savings account,3,0,female : single,none,3,real estate,32,none,rent,3-Feb,manager/self-empl./highly qualif. employee,0 to 2,yes (under customer name),no,0
1506,1,18,critical account/other credits elsewhere,vacation,1880,unknown/no savings account,3,0,female : single,none,3,real estate,32,none,rent,3-Feb,manager/self-empl./highly qualif. employee,0 to 2,yes (under customer name),no,0
1507,1,36,critical account/other credits elsewhere,car (new),601,unknown/no savings account,4,2,male : married/widowed,none,0,real estate,42,none,own,1,skilled employee/official,3 or more,no,no,0
1508,1,36,critical account/other credits elsewhere,car (new),5493,unknown/no savings account,4,2,female : single,none,0,real estate,42,none,own,1,skilled employee/official,3 or more,no,no,0
1509,2,47,all credits at this bank paid back duly,furniture/equipment,882,unknown/no savings account,1,1,male : married/widowed,guarantor,0,unknown / no property,23,none,rent,3-Feb,skilled employee/official,0 to 2,no,no,0
1510,2,54,all credits at this bank paid back duly,vacation,882,unknown/no savings account,1,0,male : married/widowed,guarantor,0,unknown / no property,23,none,rent,3-Feb,skilled employee/official,0 to 2,no,no,0
1511,0,12,all credits at this bank paid back duly,others,1295,unknown/no savings account,1,1,female : non-single or male : single,none,3,building soc. savings agr./life insurance,25,none,for free,1,skilled employee/official,0 to 2,no,no,1
1512,0,12,no credits taken/all credits paid back duly,others,1295,unknown/no savings account,4,1,female : non-single or male : single,none,3,building soc. savings agr./life insurance,25,none,for free,1,skilled employee/official,0 to 2,no,no,1
1513,0,24,no credits taken/all credits paid back duly,furniture/equipment,3621,... <  100 DM,4,2,male : married/widowed,none,2,building soc. savings agr./life insurance,31,none,rent,5-Apr,skilled employee/official,0 to 2,no,no,1
1514,0,24,no credits taken/all credits paid back duly,furniture/equipment,3621,... <  100 DM,0,2,male : married/widowed,none,0,building soc. savings agr./life insurance,48,none,rent,3-Feb,skilled employee/official,0 to 2,no,no,1
1515,2,15,all credits at this bank paid back duly,domestic appliances,1512,500 <= ... < 1000 DM,2,1,female : single,none,1,car or other,61,stores,rent,3-Feb,skilled employee/official,0 to 2,yes (under customer name),no,1
1516,0,15,existing credits paid back duly till now,vacation,1512,500 <= ... < 1000 DM,2,1,female : single,none,1,car or other,61,stores,rent,3-Feb,skilled employee/official,0 to 2,no,no,1
1517,0,10,no credits taken/all credits paid back duly,others,1240,... <  100 DM,4,3,female : non-single or male : single,none,0,real estate,48,none,own,1,unskilled - resident,3 or more,no,no,1
1518,0,10,no credits taken/all credits paid back duly,others,1240,... <  100 DM,4,3,female : non-single or male : single,none,0,unknown / no property,48,none,own,1,unskilled - resident,3 or more,no,no,1
1519,3,24,no credits taken/all credits paid back duly,retraining,915,... >= 1000 DM,4,0,female : non-single or male : single,none,2,building soc. savings agr./life insurance,29,bank,rent,1,skilled employee/official,0 to 2,no,no,1
1520,1,10,no credits taken/all credits paid back duly,furniture/equipment,915,... >= 1000 DM,4,0,female : non-single or male : single,none,2,building soc. savings agr./life insurance,29,bank,rent,1,skilled employee/official,0 to 2,no,no,1
1521,1,47,no credits taken/all credits paid back duly,others,10722,unknown/no savings account,1,3,female : non-single or male : single,none,3,unknown / no property,23,bank,rent,1,unskilled - resident,0 to 2,yes (under customer name),no,0
1522,1,47,no credits taken/all credits paid back duly,others,10722,unknown/no savings account,1,3,female : non-single or male : single,none,0,unknown / no property,22,none,rent,1,unskilled - resident,0 to 2,yes (under customer name),no,0
1523,1,15,critical account/other credits elsewhere,others,1569,... <  100 DM,4,0,male : married/widowed,none,0,building soc. savings agr./life insurance,34,stores,rent,1,unskilled - resident,3 or more,no,no,0
1524,1,15,critical account/other credits elsewhere,furniture/equipment,1569,unknown/no savings account,0,0,male : married/widowed,none,0,building soc. savings agr./life insurance,34,bank,rent,1,unskilled - resident,3 or more,no,no,0
1525,2,27,critical account/other credits elsewhere,radio/television,14555,unknown/no savings account,2,3,male : married/widowed,none,2,building soc. savings agr./life insurance,30,none,rent,3-Feb,manager/self-empl./highly qualif. employee,0 to 2,yes (under customer name),no,0
1526,2,60,critical account/other credits elsewhere,car (new),5965,unknown/no savings account,3,3,male : divorced/separated,none,2,building soc. savings agr./life insurance,30,none,rent,3-Feb,manager/self-empl./highly qualif. employee,0 to 2,yes (under customer name),no,0
1527,1,20,critical account/other credits elsewhere,others,3485,... >= 1000 DM,1,2,male : divorced/separated,none,0,real estate,44,none,rent,3-Feb,manager/self-empl./highly qualif. employee,0 to 2,yes (under customer name),no,0
1528,2,20,all credits at this bank paid back duly,retraining,8229,... >= 1000 DM,1,2,male : divorced/separated,none,0,unknown / no property,44,none,own,3-Feb,skilled employee/official,0 to 2,yes (under customer name),no,0
1529,3,24,critical account/other credits elsewhere,others,1940,unknown/no savings account,4,0,male : married/widowed,none,0,unknown / no property,60,none,rent,1,skilled employee/official,0 to 2,yes (under customer name),no,0
1530,2,24,delay in paying off in the past,others,1940,unknown/no savings account,4,0,male : married/widowed,none,0,real estate,60,none,rent,1,skilled employee/official,0 to 2,yes (under customer name),no,0
1531,2,18,existing credits paid back duly till now,others,2278,... <  100 DM,1,1,female : non-single or male : single,none,1,building soc. savings agr./life insurance,28,none,rent,3-Feb,skilled employee/official,0 to 2,yes (under customer name),no,0
1532,2,18,all credits at this bank paid back duly,others,2278,... <  100 DM,1,3,female : non-single or male : single,none,1,building soc. savings agr./life insurance,28,none,rent,3-Feb,skilled employee/official,0 to 2,no,no,1
1533,3,12,no credits taken/all credits paid back duly,car (new),3386,unknown/no savings account,4,1,male : married/widowed,none,0,real estate,68,none,own,1,skilled employee/official,0 to 2,yes (under customer name),no,1
1534,1,12,no credits taken/all credits paid back duly,car (new),3386,unknown/no savings account,4,1,male : married/widowed,guarantor,0,real estate,35,bank,own,1,skilled employee/official,0 to 2,yes (under customer name),no,1
1535,2,48,no credits taken/all credits paid back duly,car (new),2779,unknown/no savings account,1,3,female : single,none,1,building soc. savings agr./life insurance,21,none,for free,1,skilled employee/official,0 to 2,yes (under customer name),no,0
1536,2,33,no credits taken/all credits paid back duly,car (new),9398,unknown/no savings account,2,3,female : single,none,1,building soc. savings agr./life insurance,21,none,for free,1,skilled employee/official,0 to 2,yes (under customer name),no,0
1537,0,6,no credits taken/all credits paid back duly,car (used),939,unknown/no savings account,1,3,female : non-single or male : single,none,0,car or other,32,none,rent,1,skilled employee/official,0 to 2,no,no,1
1538,0,6,all credits at this bank paid back duly,car (used),4611,unknown/no savings account,1,3,female : non-single or male : single,guarantor,0,car or other,32,none,rent,1,skilled employee/official,0 to 2,no,no,1
1539,1,6,critical account/other credits elsewhere,car (used),1872,unknown/no savings account,0,0,male : married/widowed,none,0,real estate,36,none,own,5-Apr,manager/self-empl./highly qualif. employee,0 to 2,yes (under customer name),no,0
1540,1,6,critical account/other credits elsewhere,car (used),1076,unknown/no savings account,0,0,male : married/widowed,none,0,real estate,36,none,own,5-Apr,manager/self-empl./highly qualif. employee,0 to 2,yes (under customer name),no,0
1541,3,24,no credits taken/all credits paid back duly,furniture/equipment,1258,100 <= ... <  500 DM,2,1,female : non-single or male : single,none,3,building soc. savings agr./life insurance,20,none,rent,1,unskilled - resident,3 or more,no,no,0
1542,1,24,no credits taken/all credits paid back duly,furniture/equipment,1258,100 <= ... <  500 DM,2,1,female : non-single or male : single,none,1,building soc. savings agr./life insurance,31,none,own,1,unskilled - resident,0 to 2,no,no,0
1543,1,48,critical account/other credits elsewhere,furniture/equipment,3578,... >= 1000 DM,0,0,female : single,none,3,unknown / no property,47,none,own,1,skilled employee/official,0 to 2,yes (under customer name),no,0
1544,1,48,critical account/other credits elsewhere,repairs,3578,... >= 1000 DM,4,2,male : married/widowed,none,3,unknown / no property,47,none,rent,1,manager/self-empl./highly qualif. employee,0 to 2,yes (under customer name),no,0
1545,1,72,all credits at this bank paid back duly,furniture/equipment,1316,100 <= ... <  500 DM,2,2,female : single,none,2,car or other,23,none,rent,5-Apr,unskilled - resident,0 to 2,no,no,0
1546,1,15,critical account/other credits elsewhere,repairs,1316,100 <= ... <  500 DM,2,1,female : single,none,2,car or other,47,none,own,3-Feb,unskilled - resident,0 to 2,no,no,0
1547,1,18,no credits taken/all credits paid back duly,others,4380,unknown/no savings account,2,1,female : single,none,0,building soc. savings agr./life insurance,35,none,rent,1,unskilled - resident,3 or more,yes (under customer name),no,0
1548,1,18,no credits taken/all credits paid back duly,others,4380,unknown/no savings account,2,0,male : married/widowed,none,0,building soc. savings agr./life insurance,35,none,rent,1,unskilled - resident,3 or more,yes (under customer name),no,0
1549,1,9,existing credits paid back duly till now,retraining,6836,... >= 1000 DM,4,1,male : married/widowed,none,0,real estate,63,none,rent,3-Feb,skilled employee/official,0 to 2,yes (under customer name),no,1
1550,1,60,existing credits paid back duly till now,car (new),6836,... >= 1000 DM,4,1,male : married/widowed,none,0,real estate,63,none,rent,3-Feb,skilled employee/official,0 to 2,yes (under customer name),no,1
1551,1,45,critical account/other credits elsewhere,repairs,1750,100 <= ... <  500 DM,0,1,male : married/widowed,none,0,car or other,45,bank,rent,1,unskilled - resident,3 or more,no,no,0
1552,3,39,critical account/other credits elsewhere,furniture/equipment,1750,100 <= ... <  500 DM,3,0,female : non-single or male : single,none,0,car or other,45,bank,rent,1,unskilled - resident,3 or more,no,no,0
1553,1,47,no credits taken/all credits paid back duly,car (used),2577,unknown/no savings account,2,2,male : divorced/separated,co-applicant,3,building soc. savings agr./life insurance,42,none,rent,1,skilled employee/official,0 to 2,no,no,0
1554,1,54,no credits taken/all credits paid back duly,car (used),2577,unknown/no savings account,2,0,male : divorced/separated,none,3,building soc. savings agr./life insurance,42,none,rent,1,skilled employee/official,0 to 2,no,no,0
1555,1,8,critical account/other credits elsewhere,business,1164,unknown/no savings account,4,1,male : married/widowed,none,0,real estate,51,bank,own,3-Feb,manager/self-empl./highly qualif. employee,3 or more,no,no,0
1556,1,8,critical account/other credits elsewhere,business,1164,unknown/no savings account,4,1,male : married/widowed,none,0,real estate,51,bank,own,3-Feb,manager/self-empl./highly qualif. employee,3 or more,yes (under customer name),no,0
1557,0,30,no credits taken/all credits paid back duly,car (new),2923,... >= 1000 DM,0,0,female : non-single or male : single,none,3,unknown / no property,53,bank,rent,1,manager/self-empl./highly qualif. employee,0 to 2,yes (under customer name),no,1
1558,0,30,critical account/other credits elsewhere,car (new),7485,... >= 1000 DM,0,0,female : non-single or male : single,none,3,unknown / no property,39,none,rent,1,manager/self-empl./highly qualif. employee,0 to 2,yes (under customer name),no,1
1559,1,36,critical account/other credits elsewhere,car (used),3620,unknown/no savings account,2,1,male : married/widowed,none,2,car or other,37,none,rent,1,skilled employee/official,3 or more,no,no,0
1560,1,36,no credits taken/all credits paid back duly,car (used),3620,unknown/no savings account,2,0,male : married/widowed,none,2,car or other,37,none,rent,1,skilled employee/official,3 or more,no,no,0
1561,1,24,critical account/other credits elsewhere,car (new),1024,... >= 1000 DM,4,1,male : married/widowed,none,0,real estate,41,none,rent,1,manager/self-empl./highly qualif. employee,3 or more,no,no,0
1562,1,24,no credits taken/all credits paid back duly,retraining,6313,unknown/no savings account,4,1,male : married/widowed,none,0,building soc. savings agr./life insurance,68,none,rent,1,manager/self-empl./highly qualif. employee,3 or more,yes (under customer name),no,0
1563,1,24,all credits at this bank paid back duly,radio/television,6872,unknown/no savings account,1,2,male : divorced/separated,none,3,car or other,55,bank,rent,1,skilled employee/official,0 to 2,yes (under customer name),no,1
1564,1,24,all credits at this bank paid back duly,car (used),6872,unknown/no savings account,1,2,male : divorced/separated,none,3,car or other,55,bank,rent,1,skilled employee/official,0 to 2,yes (under customer name),no,1
1565,1,36,critical account/other credits elsewhere,others,6614,unknown/no savings account,4,0,male : married/widowed,none,0,building soc. savings agr./life insurance,34,none,rent,3-Feb,manager/self-empl./highly qualif. employee,0 to 2,yes (under customer name),no,0
1566,0,36,critical account/other credits elsewhere,others,6614,unknown/no savings account,4,0,male : married/widowed,none,0,building soc. savings agr./life insurance,34,none,for free,3-Feb,manager/self-empl./highly qualif. employee,0 to 2,yes (under customer name),no,0
1567,1,30,critical account/other credits elsewhere,furniture/equipment,2333,100 <= ... <  500 DM,0,0,male : married/widowed,none,2,building soc. savings agr./life insurance,30,bank,for free,1,manager/self-empl./highly qualif. employee,0 to 2,no,no,0
1568,3,30,no credits taken/all credits paid back duly,domestic appliances,2333,100 <= ... <  500 DM,4,0,male : married/widowed,none,2,building soc. savings agr./life insurance,30,bank,for free,1,manager/self-empl./highly qualif. employee,3 or more,no,no,0
1569,0,15,delay in paying off in the past,others,950,unknown/no savings account,4,0,male : married/widowed,none,1,building soc. savings agr./life insurance,33,none,for free,3-Feb,skilled employee/official,3 or more,no,no,1
1570,0,15,delay in paying off in the past,others,2221,unknown/no savings account,4,0,male : married/widowed,none,1,building soc. savings agr./life insurance,33,none,for free,3-Feb,skilled employee/official,3 or more,no,no,1
1571,1,14,no credits taken/all credits paid back duly,repairs,1410,unknown/no savings account,4,3,female : single,none,2,car or other,35,stores,own,1,skilled employee/official,3 or more,yes (under customer name),no,0
1572,2,14,critical account/other credits elsewhere,vacation,1360,... <  100 DM,4,3,female : single,none,2,unknown / no property,35,stores,for free,5-Apr,skilled employee/official,0 to 2,yes (under customer name),no,0
1573,3,36,no credits taken/all credits paid back duly,furniture/equipment,5848,unknown/no savings account,2,0,male : married/widowed,none,3,building soc. savings agr./life insurance,74,none,for free,1,skilled employee/official,0 to 2,no,no,0
1574,3,36,no credits taken/all credits paid back duly,repairs,5848,unknown/no savings account,2,0,female : non-single or male : single,none,3,building soc. savings agr./life insurance,24,none,rent,1,skilled employee/official,0 to 2,no,no,0
1575,1,21,existing credits paid back duly till now,others,1602,unknown/no savings account,1,0,female : single,none,1,building soc. savings agr./life insurance,30,none,rent,3-Feb,skilled employee/official,0 to 2,yes (under customer name),no,0
1576,1,72,all credits at this bank paid back duly,others,1602,unknown/no savings account,4,0,female : single,none,1,building soc. savings agr./life insurance,30,none,rent,3-Feb,skilled employee/official,0 to 2,yes (under customer name),no,0
1577,3,15,critical account/other credits elsewhere,retraining,2687,unknown/no savings account,3,2,female : single,none,0,car or other,26,none,for free,1,skilled employee/official,0 to 2,yes (under customer name),no,0
1578,3,15,critical account/other credits elsewhere,retraining,2687,unknown/no savings account,3,2,male : married/widowed,none,0,car or other,26,bank,for free,1,skilled employee/official,0 to 2,yes (under customer name),no,0
1579,1,15,no credits taken/all credits paid back duly,others,4657,unknown/no savings account,2,1,male : married/widowed,none,2,building soc. savings agr./life insurance,30,none,for free,1,skilled employee/official,0 to 2,yes (under customer name),no,0
1580,3,36,no credits taken/all credits paid back duly,domestic appliances,4657,unknown/no savings account,2,1,male : married/widowed,none,2,building soc. savings agr./life insurance,30,none,rent,1,skilled employee/official,0 to 2,yes (under customer name),no,0
1581,2,48,all credits at this bank paid back duly,car (used),5096,500 <= ... < 1000 DM,2,2,female : non-single or male : single,none,1,building soc. savings agr./life insurance,30,bank,rent,1,manager/self-empl./highly qualif. employee,0 to 2,yes (under customer name),no,0
1582,2,7,all credits at this bank paid back duly,car (used),5096,unknown/no savings account,2,2,female : non-single or male : single,none,1,building soc. savings agr./life insurance,30,none,rent,1,manager/self-empl./highly qualif. employee,0 to 2,yes (under customer name),no,1
1583,3,10,critical account/other credits elsewhere,business,894,... >= 1000 DM,1,0,female : non-single or male : single,none,1,car or other,40,stores,rent,1,skilled employee/official,0 to 2,yes (under customer name),no,0
1584,1,15,no credits taken/all credits paid back duly,vacation,894,... <  100 DM,3,0,female : non-single or male : single,none,1,real estate,25,none,rent,1,skilled employee/official,0 to 2,yes (under customer name),no,0
1585,0,12,no credits taken/all credits paid back duly,others,1223,500 <= ... < 1000 DM,4,3,male : divorced/separated,none,3,unknown / no property,46,none,for free,3-Feb,skilled employee/official,0 to 2,no,no,1
1586,2,12,no credits taken/all credits paid back duly,others,1223,unknown/no savings account,4,3,male : divorced/separated,none,3,unknown / no property,46,none,for free,1,skilled employee/official,0 to 2,yes (under customer name),no,1
1587,2,39,all credits at this bank paid back duly,retraining,1185,unknown/no savings account,2,1,female : non-single or male : single,none,2,unknown / no property,27,none,rent,3-Feb,skilled employee/official,0 to 2,no,no,0
1588,3,60,all credits at this bank paid back duly,retraining,1185,unknown/no savings account,2,1,female : non-single or male : single,none,2,unknown / no property,27,none,rent,3-Feb,skilled employee/official,0 to 2,no,no,0
1589,2,36,critical account/other credits elsewhere,radio/television,932,100 <= ... <  500 DM,1,1,female : non-single or male : single,none,2,real estate,29,bank,rent,1,unemployed/unskilled - non-resident,0 to 2,no,no,0
1590,2,18,critical account/other credits elsewhere,radio/television,1163,... >= 1000 DM,1,1,female : non-single or male : single,none,2,real estate,29,bank,rent,1,unemployed/unskilled - non-resident,0 to 2,no,no,0
1591,2,12,no credits taken/all credits paid back duly,car (used),9034,... <  100 DM,1,0,male : married/widowed,co-applicant,3,unknown / no property,29,none,for free,1,manager/self-empl./highly qualif. employee,0 to 2,yes (under customer name),no,1
1592,2,7,no credits taken/all credits paid back duly,car (used),1274,... <  100 DM,1,0,male : married/widowed,co-applicant,3,real estate,29,none,for free,1,manager/self-empl./highly qualif. employee,0 to 2,yes (under customer name),no,0
1593,2,12,critical account/other credits elsewhere,others,2859,... >= 1000 DM,0,0,male : married/widowed,none,0,real estate,38,none,rent,1,manager/self-empl./highly qualif. employee,0 to 2,yes (under customer name),no,0
1594,2,12,critical account/other credits elsewhere,others,2859,... >= 1000 DM,1,0,male : married/widowed,none,0,real estate,38,none,rent,1,manager/self-empl./highly qualif. employee,0 to 2,yes (under customer name),no,0
1595,2,42,no credits taken/all credits paid back duly,repairs,1239,... <  100 DM,2,0,male : married/widowed,none,0,real estate,61,none,own,1,skilled employee/official,0 to 2,no,no,0
1596,2,18,no credits taken/all credits paid back duly,repairs,12169,... >= 1000 DM,2,0,male : married/widowed,none,0,real estate,61,none,own,1,skilled employee/official,0 to 2,no,no,0
1597,1,12,critical account/other credits elsewhere,car (used),1402,unknown/no savings account,3,2,female : non-single or male : single,none,0,building soc. savings agr./life insurance,43,none,for free,1,skilled employee/official,0 to 2,yes (under customer name),no,0
1598,1,12,critical account/other credits elsewhere,car (used),1402,100 <= ... <  500 DM,3,1,male : married/widowed,none,0,building soc. savings agr./life insurance,37,stores,for free,5-Apr,skilled employee/official,0 to 2,yes (under customer name),no,0
1599,0,18,all credits at this bank paid back duly,retraining,4165,unknown/no savings account,2,2,male : married/widowed,none,2,building soc. savings agr./life insurance,36,stores,rent,3-Feb,skilled employee/official,3 or more,no,no,1
1600,0,18,no credits taken/all credits paid back duly,retraining,4165,unknown/no savings account,2,2,male : married/widowed,none,2,building soc. savings agr./life insurance,36,stores,rent,3-Feb,skilled employee/official,0 to 2,no,no,1
1601,0,18,no credits taken/all credits paid back duly,car (new),6761,... >= 1000 DM,2,2,male : married/widowed,none,0,building soc. savings agr./life insurance,68,stores,for free,3-Feb,skilled employee/official,0 to 2,no,no,1
1602,0,18,no credits taken/all credits paid back duly,others,6761,... >= 1000 DM,2,2,male : married/widowed,none,0,building soc. savings agr./life insurance,68,stores,for free,1,manager/self-empl./highly qualif. employee,0 to 2,no,no,0
1603,2,6,existing credits paid back duly till now,repairs,433,500 <= ... < 1000 DM,1,0,female : non-single or male : single,none,2,car or other,24,bank,for free,1,skilled employee/official,3 or more,yes (under customer name),no,1
1604,2,6,all credits at this bank paid back duly,repairs,433,500 <= ... < 1000 DM,1,0,female : non-single or male : single,none,2,car or other,24,bank,for free,1,skilled employee/official,3 or more,no,yes,1
1605,1,9,all credits at this bank paid back duly,furniture/equipment,1366,unknown/no savings account,3,1,female : non-single or male : single,none,0,car or other,22,none,for free,1,skilled employee/official,0 to 2,no,no,1
1606,1,9,no credits taken/all credits paid back duly,furniture/equipment,6458,unknown/no savings account,1,1,female : non-single or male : single,none,0,car or other,47,none,for free,1,skilled employee/official,0 to 2,no,no,1
1607,0,15,existing credits paid back duly till now,repairs,4623,... <  100 DM,2,1,female : non-single or male : single,none,2,car or other,40,none,rent,1,manager/self-empl./highly qualif. employee,0 to 2,yes (under customer name),no,1
1608,0,15,no credits taken/all credits paid back duly,repairs,4623,... <  100 DM,4,1,female : single,none,2,car or other,40,none,rent,1,manager/self-empl./highly qualif. employee,0 to 2,yes (under customer name),no,1
1609,3,24,no credits taken/all credits paid back duly,others,3757,unknown/no savings account,4,0,female : non-single or male : single,co-applicant,0,real estate,21,none,own,1,skilled employee/official,0 to 2,yes (under customer name),no,0
1610,1,24,no credits taken/all credits paid back duly,others,3757,unknown/no savings account,4,0,female : non-single or male : single,co-applicant,0,real estate,62,none,own,1,skilled employee/official,0 to 2,yes (under customer name),no,0
1611,2,12,delay in paying off in the past,car (used),951,500 <= ... < 1000 DM,2,1,female : non-single or male : single,none,2,building soc. savings agr./life insurance,35,none,own,1,skilled employee/official,3 or more,no,no,0
1612,3,12,critical account/other credits elsewhere,repairs,1592,... <  100 DM,0,1,female : non-single or male : single,none,2,car or other,35,none,rent,1,skilled employee/official,0 to 2,no,yes,0
1613,1,12,no credits taken/all credits paid back duly,car (new),741,... <  100 DM,4,0,female : non-single or male : single,none,1,car or other,22,none,rent,1,skilled employee/official,0 to 2,no,no,0
1614,0,12,no credits taken/all credits paid back duly,radio/television,741,... <  100 DM,0,0,female : non-single or male : single,none,1,car or other,22,none,rent,1,skilled employee/official,0 to 2,no,yes,1
1615,2,30,delay in paying off in the past,retraining,4221,unknown/no savings account,1,2,female : non-single or male : single,none,3,building soc. savings agr./life insurance,28,none,for free,3-Feb,skilled employee/official,0 to 2,no,no,0
1616,2,30,critical account/other credits elsewhere,retraining,4221,unknown/no savings account,0,2,female : non-single or male : single,none,3,building soc. savings agr./life insurance,28,none,rent,3-Feb,skilled employee/official,0 to 2,no,no,0
1617,0,48,existing credits paid back duly till now,radio/television,6224,unknown/no savings account,4,0,male : married/widowed,none,0,real estate,50,none,own,1,skilled employee/official,0 to 2,no,no,1
1618,0,48,existing credits paid back duly till now,furniture/equipment,6224,unknown/no savings account,4,0,male : married/widowed,none,0,real estate,50,none,own,1,skilled employee/official,0 to 2,no,no,1
1619,1,45,delay in paying off in the past,repairs,2096,unknown/no savings account,3,2,male : married/widowed,none,1,unknown / no property,49,none,rent,1,unskilled - resident,3 or more,no,no,0
1620,2,12,critical account/other credits elsewhere,repairs,2096,unknown/no savings account,3,2,male : married/widowed,none,0,unknown / no property,23,none,rent,1,unskilled - resident,3 or more,no,no,0
1621,1,42,no credits taken/all credits paid back duly,furniture/equipment,7166,unknown/no savings account,3,2,female : single,none,3,car or other,29,none,rent,1,skilled employee/official,0 to 2,yes (under customer name),no,0
1622,2,42,no credits taken/all credits paid back duly,furniture/equipment,7166,unknown/no savings account,3,2,female : single,guarantor,0,car or other,29,none,for free,1,skilled employee/official,0 to 2,yes (under customer name),no,0
1623,2,36,no credits taken/all credits paid back duly,business,2323,unknown/no savings account,3,0,male : married/widowed,co-applicant,0,building soc. savings agr./life insurance,24,none,for free,1,skilled employee/official,0 to 2,no,no,0
1624,2,36,no credits taken/all credits paid back duly,others,2323,unknown/no savings account,3,0,male : married/widowed,none,0,building soc. savings agr./life insurance,24,none,for free,1,skilled employee/official,0 to 2,no,no,0
1625,1,18,no credits taken/all credits paid back duly,repairs,750,unknown/no savings account,3,0,female : non-single or male : single,guarantor,3,unknown / no property,27,none,rent,1,unemployed/unskilled - non-resident,0 to 2,no,no,0
1626,1,18,no credits taken/all credits paid back duly,repairs,750,unknown/no savings account,4,2,female : non-single or male : single,none,3,unknown / no property,27,none,rent,1,unemployed/unskilled - non-resident,0 to 2,no,no,1
1627,1,9,no credits taken/all credits paid back duly,radio/television,1236,unknown/no savings account,1,3,female : non-single or male : single,none,0,real estate,23,none,for free,1,skilled employee/official,3 or more,yes (under customer name),no,0
1628,1,26,no credits taken/all credits paid back duly,radio/television,1236,unknown/no savings account,1,3,female : non-single or male : single,none,0,unknown / no property,23,none,for free,1,skilled employee/official,0 to 2,yes (under customer name),no,0
1629,0,18,all credits at this bank paid back duly,others,1055,unknown/no savings account,1,1,female : non-single or male : single,none,3,car or other,30,bank,rent,3-Feb,skilled employee/official,0 to 2,no,no,0
1630,0,39,all credits at this bank paid back duly,others,7057,unknown/no savings account,1,0,female : non-single or male : single,none,3,car or other,30,none,rent,3-Feb,skilled employee/official,0 to 2,no,no,0
1631,1,12,critical account/other credits elsewhere,car (used),1858,... >= 1000 DM,1,0,female : non-single or male : single,none,3,building soc. savings agr./life insurance,22,none,for free,1,skilled employee/official,0 to 2,no,no,0
1632,1,21,critical account/other credits elsewhere,car (used),1858,unknown/no savings account,1,0,female : non-single or male : single,none,3,building soc. savings agr./life insurance,22,none,for free,1,skilled employee/official,0 to 2,no,no,0
1633,2,54,no credits taken/all credits paid back duly,furniture/equipment,2930,unknown/no savings account,3,2,female : non-single or male : single,none,3,unknown / no property,27,none,rent,1,unemployed/unskilled - non-resident,0 to 2,no,no,0
1634,2,48,no credits taken/all credits paid back duly,vacation,2930,unknown/no savings account,3,2,female : non-single or male : single,none,3,unknown / no property,27,none,rent,1,skilled employee/official,0 to 2,no,no,0
1635,3,9,critical account/other credits elsewhere,others,2507,100 <= ... <  500 DM,4,2,male : married/widowed,none,0,real estate,51,none,own,1,unskilled - resident,0 to 2,no,no,0
1636,2,9,critical account/other credits elsewhere,others,2507,100 <= ... <  500 DM,4,2,male : married/widowed,none,0,real estate,51,none,own,1,unskilled - resident,0 to 2,no,no,0
1637,3,12,all credits at this bank paid back duly,others,939,100 <= ... <  500 DM,3,0,female : single,none,2,building soc. savings agr./life insurance,57,none,rent,5-Apr,skilled employee/official,0 to 2,yes (under customer name),no,1
1638,3,12,all credits at this bank paid back duly,others,939,500 <= ... < 1000 DM,3,0,female : single,none,2,unknown / no property,28,none,rent,3-Feb,skilled employee/official,0 to 2,yes (under customer name),no,1
1639,1,20,critical account/other credits elsewhere,car (used),2212,... >= 1000 DM,3,0,male : married/widowed,none,0,building soc. savings agr./life insurance,39,none,rent,1,unemployed/unskilled - non-resident,0 to 2,yes (under customer name),no,0
1640,1,20,critical account/other credits elsewhere,car (used),2212,... >= 1000 DM,3,0,male : married/widowed,none,0,building soc. savings agr./life insurance,39,none,rent,1,manager/self-empl./highly qualif. employee,0 to 2,yes (under customer name),no,0
1641,0,12,no credits taken/all credits paid back duly,others,685,unknown/no savings account,3,2,female : single,co-applicant,1,building soc. savings agr./life insurance,25,bank,rent,1,unskilled - resident,0 to 2,no,no,1
1642,2,12,no credits taken/all credits paid back duly,retraining,685,unknown/no savings account,3,2,female : single,none,1,building soc. savings agr./life insurance,62,bank,rent,1,unskilled - resident,0 to 2,no,no,1
1643,0,12,delay in paying off in the past,car (used),2969,unknown/no savings account,1,0,female : non-single or male : single,none,1,car or other,25,stores,for free,3-Feb,skilled employee/official,0 to 2,no,no,1
1644,0,12,delay in paying off in the past,car (used),2969,unknown/no savings account,1,0,female : non-single or male : single,none,1,unknown / no property,25,none,for free,3-Feb,skilled employee/official,0 to 2,no,no,1
1645,2,18,critical account/other credits elsewhere,others,795,... <  100 DM,2,2,male : married/widowed,none,2,building soc. savings agr./life insurance,30,none,rent,1,skilled employee/official,0 to 2,yes (under customer name),no,0
1646,2,18,critical account/other credits elsewhere,others,5866,... <  100 DM,2,2,female : non-single or male : single,none,2,building soc. savings agr./life insurance,30,none,for free,3-Feb,skilled employee/official,0 to 2,yes (under customer name),no,0
1647,3,24,no credits taken/all credits paid back duly,others,2835,100 <= ... <  500 DM,0,1,female : single,none,0,car or other,53,none,rent,3-Feb,skilled employee/official,3 or more,no,no,0
1648,2,24,critical account/other credits elsewhere,car (used),2835,unknown/no savings account,4,3,male : married/widowed,none,0,car or other,53,none,own,1,skilled employee/official,0 to 2,no,no,0
1649,1,36,existing credits paid back duly till now,furniture/equipment,4454,unknown/no savings account,2,0,female : non-single or male : single,none,0,unknown / no property,34,none,rent,3-Feb,skilled employee/official,0 to 2,yes (under customer name),no,0
1650,1,36,existing credits paid back duly till now,furniture/equipment,4454,unknown/no savings account,2,0,female : single,none,0,unknown / no property,34,none,rent,3-Feb,skilled employee/official,0 to 2,no,no,0
1651,1,12,no credits taken/all credits paid back duly,car (used),763,unknown/no savings account,2,0,female : non-single or male : single,none,3,real estate,26,none,rent,1,skilled employee/official,0 to 2,yes (under customer name),no,0
1652,2,12,no credits taken/all credits paid back duly,car (used),763,unknown/no savings account,2,0,female : non-single or male : single,none,3,real estate,26,none,rent,1,skilled employee/official,0 to 2,yes (under customer name),no,0
1653,2,60,no credits taken/all credits paid back duly,furniture/equipment,2171,unknown/no savings account,0,2,female : single,none,2,building soc. savings agr./life insurance,29,bank,rent,1,skilled employee/official,0 to 2,no,no,0
1654,2,12,no credits taken/all credits paid back duly,furniture/equipment,2171,... <  100 DM,1,2,female : non-single or male : single,none,2,building soc. savings agr./life insurance,29,bank,for free,1,unskilled - resident,0 to 2,no,no,0
1655,1,21,no credits taken/all credits paid back duly,others,1366,... >= 1000 DM,3,2,male : married/widowed,co-applicant,2,real estate,24,bank,rent,5-Apr,unskilled - resident,0 to 2,no,no,0
1656,1,21,no credits taken/all credits paid back duly,others,8358,... >= 1000 DM,0,2,male : married/widowed,co-applicant,2,unknown / no property,24,bank,rent,1,unskilled - resident,3 or more,no,no,0
1657,1,42,no credits taken/all credits paid back duly,furniture/equipment,2214,unknown/no savings account,2,0,male : married/widowed,none,1,real estate,24,none,rent,1,unskilled - resident,0 to 2,no,no,0
1658,1,12,no credits taken/all credits paid back duly,others,2214,unknown/no savings account,2,0,male : married/widowed,none,1,car or other,24,none,rent,1,unskilled - resident,3 or more,no,no,0
1659,0,21,delay in paying off in the past,others,3380,unknown/no savings account,3,3,female : non-single or male : single,none,3,unknown / no property,22,stores,rent,5-Apr,skilled employee/official,3 or more,no,no,0
1660,3,39,all credits at this bank paid back duly,others,3380,unknown/no savings account,3,1,male : married/widowed,none,3,unknown / no property,29,bank,for free,1,skilled employee/official,3 or more,no,no,0
1661,1,60,all credits at this bank paid back duly,repairs,1532,... <  100 DM,2,0,female : non-single or male : single,none,1,building soc. savings agr./life insurance,31,none,for free,1,skilled employee/official,0 to 2,no,no,0
1662,3,15,critical account/other credits elsewhere,repairs,1532,... <  100 DM,0,0,female : non-single or male : single,none,1,building soc. savings agr./life insurance,31,none,rent,1,skilled employee/official,0 to 2,no,no,0
1663,1,72,existing credits paid back duly till now,furniture/equipment,2320,unknown/no savings account,0,2,female : single,none,1,unknown / no property,34,stores,rent,3-Feb,skilled employee/official,0 to 2,no,no,0
1664,3,54,existing credits paid back duly till now,furniture/equipment,2320,unknown/no savings account,0,2,female : single,none,1,unknown / no property,34,none,for free,3-Feb,skilled employee/official,0 to 2,no,no,0
1665,2,48,no credits taken/all credits paid back duly,furniture/equipment,753,unknown/no savings account,2,2,female : non-single or male : single,guarantor,1,unknown / no property,19,none,rent,1,skilled employee/official,0 to 2,no,no,0
1666,2,48,no credits taken/all credits paid back duly,furniture/equipment,753,unknown/no savings account,2,1,female : non-single or male : single,co-applicant,1,unknown / no property,64,none,rent,1,skilled employee/official,0 to 2,no,no,0
1667,1,36,no credits taken/all credits paid back duly,others,909,... >= 1000 DM,2,0,male : married/widowed,none,0,unknown / no property,43,bank,rent,1,skilled employee/official,0 to 2,no,no,0
1668,2,36,no credits taken/all credits paid back duly,others,3079,unknown/no savings account,2,0,male : married/widowed,none,0,unknown / no property,36,bank,rent,1,skilled employee/official,0 to 2,no,no,0
1669,0,24,critical account/other credits elsewhere,car (new),5433,unknown/no savings account,0,2,female : non-single or male : single,none,0,car or other,47,none,for free,1,manager/self-empl./highly qualif. employee,0 to 2,yes (under customer name),no,0
1670,3,24,critical account/other credits elsewhere,car (new),5433,... >= 1000 DM,0,2,female : non-single or male : single,none,0,car or other,26,none,for free,1,manager/self-empl./highly qualif. employee,3 or more,yes (under customer name),no,0
1671,1,18,all credits at this bank paid back duly,domestic appliances,1190,unknown/no savings account,0,2,female : non-single or male : single,none,0,real estate,55,none,own,5-Apr,unemployed/unskilled - non-resident,0 to 2,no,yes,0
1672,1,18,all credits at this bank paid back duly,domestic appliances,1190,unknown/no savings account,4,2,female : non-single or male : single,none,0,real estate,55,none,own,3-Feb,unemployed/unskilled - non-resident,3 or more,no,no,1
1673,2,12,no credits taken/all credits paid back duly,car (used),983,500 <= ... < 1000 DM,1,1,female : non-single or male : single,none,0,building soc. savings agr./life insurance,19,none,for free,1,unskilled - resident,0 to 2,no,no,0
1674,2,39,no credits taken/all credits paid back duly,car (used),983,500 <= ... < 1000 DM,1,3,female : non-single or male : single,none,0,unknown / no property,19,none,for free,1,skilled employee/official,0 to 2,no,no,0
1675,2,15,critical account/other credits elsewhere,car (used),2708,unknown/no savings account,1,2,male : married/widowed,none,1,car or other,27,bank,rent,3-Feb,unskilled - resident,0 to 2,no,no,0
1676,2,33,no credits taken/all credits paid back duly,car (used),2708,unknown/no savings account,1,2,male : married/widowed,none,1,building soc. savings agr./life insurance,27,bank,rent,3-Feb,unskilled - resident,0 to 2,no,no,0
1677,1,12,no credits taken/all credits paid back duly,others,1228,500 <= ... < 1000 DM,2,0,female : non-single or male : single,none,2,unknown / no property,24,none,rent,1,unskilled - resident,0 to 2,no,yes,1
1678,0,12,no credits taken/all credits paid back duly,others,1228,unknown/no savings account,2,0,female : non-single or male : single,none,2,unknown / no property,24,none,rent,1,unskilled - resident,0 to 2,no,no,1
1679,1,30,no credits taken/all credits paid back duly,car (used),3108,unknown/no savings account,1,2,male : divorced/separated,none,2,unknown / no property,31,none,rent,1,unskilled - resident,0 to 2,no,no,1
1680,1,30,no credits taken/all credits paid back duly,car (used),3108,unknown/no savings account,1,2,male : divorced/separated,none,0,car or other,31,stores,rent,1,skilled employee/official,0 to 2,no,no,1
1681,3,9,no credits taken/all credits paid back duly,furniture/equipment,745,unknown/no savings account,2,1,male : married/widowed,none,2,unknown / no property,47,none,rent,1,unskilled - resident,0 to 2,no,no,1
1682,3,9,no credits taken/all credits paid back duly,furniture/equipment,745,unknown/no savings account,2,1,female : non-single or male : single,none,2,unknown / no property,67,none,rent,1,unskilled - resident,0 to 2,no,no,1
1683,3,45,no credits taken/all credits paid back duly,furniture/equipment,1473,unknown/no savings account,1,1,female : single,none,0,unknown / no property,25,none,rent,1,skilled employee/official,0 to 2,yes (under customer name),no,0
1684,1,18,delay in paying off in the past,furniture/equipment,1473,unknown/no savings account,1,1,female : single,none,0,unknown / no property,24,none,rent,1,skilled employee/official,0 to 2,yes (under customer name),no,0
1685,2,24,no credits taken/all credits paid back duly,others,1469,... <  100 DM,4,0,female : single,none,0,real estate,41,none,for free,1,unemployed/unskilled - non-resident,0 to 2,no,no,0
1686,2,24,no credits taken/all credits paid back duly,others,1469,100 <= ... <  500 DM,4,0,female : single,none,0,real estate,41,none,for free,1,unskilled - resident,0 to 2,no,no,0
1687,0,30,all credits at this bank paid back duly,others,5234,unknown/no savings account,2,0,female : single,none,2,building soc. savings agr./life insurance,28,none,rent,3-Feb,manager/self-empl./highly qualif. employee,0 to 2,no,no,1
1688,2,30,all credits at this bank paid back duly,others,5234,... >= 1000 DM,4,0,female : single,none,2,building soc. savings agr./life insurance,28,none,rent,3-Feb,manager/self-empl./highly qualif. employee,0 to 2,no,no,1
1689,2,21,no credits taken/all credits paid back duly,retraining,1188,unknown/no savings account,4,2,female : non-single or male : single,none,0,unknown / no property,39,none,rent,1,skilled employee/official,0 to 2,no,no,1
1690,0,21,no credits taken/all credits paid back duly,retraining,1188,unknown/no savings account,4,2,female : non-single or male : single,none,0,car or other,27,none,rent,1,skilled employee/official,3 or more,no,no,1
1691,3,24,no credits taken/all credits paid back duly,others,2255,... >= 1000 DM,1,0,female : single,none,3,car or other,54,bank,rent,1,skilled employee/official,0 to 2,no,no,0
1692,2,24,no credits taken/all credits paid back duly,others,2255,... >= 1000 DM,1,0,female : non-single or male : single,none,2,car or other,54,none,rent,1,skilled employee/official,0 to 2,no,no,0
1693,3,45,no credits taken/all credits paid back duly,radio/television,2116,unknown/no savings account,2,1,male : married/widowed,none,2,unknown / no property,41,bank,rent,1,skilled employee/official,0 to 2,yes (under customer name),no,0
1694,3,72,no credits taken/all credits paid back duly,car (used),2116,unknown/no savings account,2,2,male : married/widowed,none,2,building soc. savings agr./life insurance,41,none,rent,1,skilled employee/official,0 to 2,yes (under customer name),no,0
1695,0,15,no credits taken/all credits paid back duly,radio/television,701,... >= 1000 DM,2,0,female : non-single or male : single,none,2,building soc. savings agr./life insurance,24,none,for free,1,skilled employee/official,0 to 2,no,no,1
1696,0,15,no credits taken/all credits paid back duly,radio/television,1275,... >= 1000 DM,2,0,female : non-single or male : single,none,2,building soc. savings agr./life insurance,24,none,for free,1,skilled employee/official,3 or more,no,no,1
1697,3,45,delay in paying off in the past,furniture/equipment,1337,unknown/no savings account,4,0,male : married/widowed,none,2,building soc. savings agr./life insurance,34,none,rent,3-Feb,manager/self-empl./highly qualif. employee,0 to 2,yes (under customer name),no,1
1698,3,9,delay in paying off in the past,furniture/equipment,1337,unknown/no savings account,1,0,male : married/widowed,none,2,unknown / no property,34,none,rent,3-Feb,unskilled - resident,0 to 2,yes (under customer name),no,1
