,status,duration,credit_history,purpose,amount,savings,employment_duration,installment_rate,personal_status_sex,other_debtors,present_residence,property,age,other_installment_plans,housing,number_credits,job,people_liable,telephone,foreign_worker,credit_risk
887,1,27,delay in paying off in the past,retraining,2442,... >= 1000 DM,4,0,male : married/widowed,none,0,building soc. savings agr./life insurance,43,stores,rent,>= 6,manager/self-empl./highly qualif. employee,3 or more,yes (under customer name),no,0
888,1,18,all credits at this bank paid back duly,car (used),1553,unknown/no savings account,2,2,male : married/widowed,none,1,building soc. savings agr./life insurance,44,bank,rent,1,skilled employee/official,0 to 2,no,no,1
889,1,12,no credits taken/all credits paid back duly,others,1274,unknown/no savings account,1,1,male : married/widowed,none,3,unknown / no property,37,bank,rent,1,unskilled - resident,0 to 2,no,no,1
890,2,12,existing credits paid back duly till now,furniture/equipment,1534,unknown/no savings account,1,3,female : single,none,3,unknown / no property,51,none,for free,1,skilled employee/official,0 to 2,no,no,0
891,0,72,existing credits paid back duly till now,retraining,3448,unknown/no savings account,3,3,male : married/widowed,none,0,unknown / no property,74,none,rent,1,manager/self-empl./highly qualif. employee,0 to 2,no,no,0
892,2,24,no credits taken/all credits paid back duly,others,1285,... >= 1000 DM,3,2,female : non-single or male : single,none,0,real estate,32,none,for free,1,skilled employee/official,0 to 2,no,no,1
893,2,54,delay in paying off in the past,retraining,283,... >= 1000 DM,1,1,male : married/widowed,none,0,real estate,58,none,for free,1,skilled employee/official,0 to 2,yes (under customer name),no,1
894,3,21,no credits taken/all credits paid back duly,repairs,13275,500 <= ... < 1000 DM,2,3,male : married/widowed,guarantor,1,building soc. savings agr./life insurance,26,none,rent,5-Apr,skilled employee/official,0 to 2,no,no,0
895,1,12,no credits taken/all credits paid back duly,car (used),8320,unknown/no savings account,4,0,female : non-single or male : single,none,0,car or other,24,none,rent,1,skilled employee/official,0 to 2,no,no,0
896,0,18,existing credits paid back duly till now,car (used),1808,unknown/no savings account,3,0,female : non-single or male : single,none,2,unknown / no property,22,none,rent,1,skilled employee/official,0 to 2,yes (under customer name),no,1
897,1,18,no credits taken/all credits paid back duly,car (new),750,unknown/no savings account,0,0,female : non-single or male : single,none,3,unknown / no property,27,none,rent,1,manager/self-empl./highly qualif. employee,0 to 2,no,no,1
898,1,72,no credits taken/all credits paid back duly,others,7708,... <  100 DM,4,1,male : married/widowed,none,2,car or other,43,none,rent,1,skilled employee/official,0 to 2,yes (under customer name),no,0
899,3,18,existing credits paid back duly till now,car (new),7511,... >= 1000 DM,4,3,male : married/widowed,none,0,car or other,51,none,own,1,skilled employee/official,3 or more,yes (under customer name),no,1
900,2,27,existing credits paid back duly till now,car (used),2186,500 <= ... < 1000 DM,0,0,female : non-single or male : single,none,0,unknown / no property,33,bank,for free,1,unskilled - resident,0 to 2,no,no,0
901,1,54,all credits at this bank paid back duly,car (new),6615,unknown/no savings account,0,2,male : married/widowed,none,0,real estate,75,none,own,3-Feb,skilled employee/official,0 to 2,yes (under customer name),no,0
902,1,21,critical account/other credits elsewhere,others,1647,... >= 1000 DM,2,0,male : married/widowed,none,2,unknown / no property,40,none,rent,3-Feb,unskilled - resident,3 or more,no,no,1
903,0,24,no credits taken/all credits paid back duly,furniture/equipment,2397,100 <= ... <  500 DM,4,1,male : married/widowed,none,2,building soc. savings agr./life insurance,35,bank,for free,3-Feb,skilled employee/official,0 to 2,no,no,1
904,3,15,delay in paying off in the past,furniture/equipment,13390,100 <= ... <  500 DM,2,2,female : single,none,2,car or other,47,none,for free,3-Feb,unskilled - resident,3 or more,no,no,0
905,0,12,critical account/other credits elsewhere,others,3565,... >= 1000 DM,1,2,male : married/widowed,none,3,car or other,37,bank,rent,3-Feb,unskilled - resident,3 or more,no,no,0
906,2,48,critical account/other credits elsewhere,retraining,6416,500 <= ... < 1000 DM,4,0,female : non-single or male : single,none,1,real estate,35,none,rent,1,skilled employee/official,0 to 2,no,no,1
907,1,18,all credits at this bank paid back duly,car (new),1190,unknown/no savings account,0,2,female : non-single or male : single,none,0,unknown / no property,55,none,own,5-Apr,unemployed/unskilled - non-resident,3 or more,no,no,1
908,2,12,no credits taken/all credits paid back duly,domestic appliances,639,100 <= ... <  500 DM,2,0,male : married/widowed,none,2,building soc. savings agr./life insurance,30,none,rent,1,skilled employee/official,0 to 2,yes (under customer name),no,1
909,0,12,no credits taken/all credits paid back duly,others,1386,100 <= ... <  500 DM,2,0,female : non-single or male : single,none,2,car or other,26,none,rent,1,skilled employee/official,0 to 2,yes (under customer name),no,1
910,0,30,critical account/other credits elsewhere,car (new),7485,... >= 1000 DM,0,2,female : non-single or male : single,none,3,unknown / no property,53,none,rent,1,manager/self-empl./highly qualif. employee,0 to 2,yes (under customer name),no,1
911,0,42,existing credits paid back duly till now,furniture/equipment,4370,... >= 1000 DM,3,1,male : married/widowed,none,2,car or other,26,bank,rent,3-Feb,skilled employee/official,3 or more,yes (under customer name),no,1
912,2,24,critical account/other credits elsewhere,car (used),3552,unknown/no savings account,3,1,male : married/widowed,none,0,building soc. savings agr./life insurance,63,bank,rent,1,skilled employee/official,0 to 2,no,no,0
913,1,18,no credits taken/all credits paid back duly,repairs,3509,unknown/no savings account,3,0,female : non-single or male : single,guarantor,3,unknown / no property,21,none,rent,1,skilled employee/official,0 to 2,no,no,0
914,3,72,critical account/other credits elsewhere,others,1480,100 <= ... <  500 DM,0,2,male : married/widowed,none,0,real estate,66,bank,own,5-Apr,unemployed/unskilled - non-resident,0 to 2,no,no,0
915,2,12,no credits taken/all credits paid back duly,repairs,1228,unknown/no savings account,2,0,female : non-single or male : single,none,2,unknown / no property,24,none,rent,1,unskilled - resident,0 to 2,no,no,1
916,2,8,no credits taken/all credits paid back duly,car (used),1237,unknown/no savings account,2,1,female : single,none,1,unknown / no property,24,none,rent,1,skilled employee/official,0 to 2,no,no,1
917,0,18,no credits taken/all credits paid back duly,repairs,1864,... <  100 DM,2,0,female : non-single or male : single,none,2,unknown / no property,30,none,rent,3-Feb,skilled employee/official,0 to 2,no,yes,1
918,1,48,delay in paying off in the past,car (used),7119,... >= 1000 DM,2,1,male : married/widowed,none,0,real estate,53,none,own,3-Feb,skilled employee/official,3 or more,no,no,0
919,0,15,critical account/other credits elsewhere,furniture/equipment,1030,... <  100 DM,2,0,female : non-single or male : single,none,0,building soc. savings agr./life insurance,34,bank,rent,1,unskilled - resident,3 or more,no,no,0
920,2,48,no credits taken/all credits paid back duly,car (used),9916,unknown/no savings account,1,1,female : non-single or male : single,none,3,unknown / no property,34,none,for free,1,manager/self-empl./highly qualif. employee,0 to 2,no,no,0
921,2,12,all credits at this bank paid back duly,others,691,unknown/no savings account,4,0,male : married/widowed,none,1,car or other,35,none,rent,3-Feb,skilled employee/official,0 to 2,no,yes,1
922,2,12,no credits taken/all credits paid back duly,others,685,unknown/no savings account,3,2,female : single,none,1,building soc. savings agr./life insurance,25,bank,rent,1,unskilled - resident,0 to 2,yes (under customer name),yes,0
923,2,30,delay in paying off in the past,retraining,4280,... <  100 DM,3,0,female : non-single or male : single,none,0,building soc. savings agr./life insurance,26,none,rent,3-Feb,unskilled - resident,0 to 2,no,no,1
924,2,10,no credits taken/all credits paid back duly,car (used),2051,unknown/no savings account,1,3,female : non-single or male : single,none,2,building soc. savings agr./life insurance,26,bank,rent,1,skilled employee/official,0 to 2,yes (under customer name),no,0
925,1,48,delay in paying off in the past,furniture/equipment,1505,unknown/no savings account,2,0,male : married/widowed,none,2,real estate,32,none,own,1,manager/self-empl./highly qualif. employee,0 to 2,yes (under customer name),no,0
926,2,12,no credits taken/all credits paid back duly,vacation,902,unknown/no savings account,3,0,female : single,none,0,car or other,21,none,for free,1,manager/self-empl./highly qualif. employee,0 to 2,no,no,1
927,3,9,all credits at this bank paid back duly,car (new),5129,unknown/no savings account,4,2,female : non-single or male : single,none,0,real estate,74,bank,own,1,manager/self-empl./highly qualif. employee,3 or more,yes (under customer name),no,1
928,2,24,delay in paying off in the past,retraining,1935,unknown/no savings account,4,2,male : divorced/separated,none,0,unknown / no property,31,none,rent,3-Feb,skilled employee/official,0 to 2,yes (under customer name),no,1
929,2,21,existing credits paid back duly till now,repairs,6224,... <  100 DM,4,0,male : married/widowed,none,0,real estate,50,none,own,1,skilled employee/official,0 to 2,no,no,1
930,2,48,critical account/other credits elsewhere,retraining,7685,100 <= ... <  500 DM,3,2,female : non-single or male : single,guarantor,0,building soc. savings agr./life insurance,37,none,for free,1,skilled employee/official,0 to 2,no,no,1
931,3,9,no credits taken/all credits paid back duly,furniture/equipment,3184,unknown/no savings account,2,0,female : non-single or male : single,none,2,unknown / no property,28,none,rent,1,unskilled - resident,0 to 2,no,no,1
932,1,24,critical account/other credits elsewhere,business,2964,... >= 1000 DM,4,0,male : married/widowed,none,0,real estate,49,bank,own,1,skilled employee/official,3 or more,yes (under customer name),no,0
933,0,5,all credits at this bank paid back duly,car (used),7127,unknown/no savings account,1,2,female : non-single or male : single,none,0,car or other,23,none,for free,3-Feb,skilled employee/official,0 to 2,yes (under customer name),no,1
934,2,36,no credits taken/all credits paid back duly,car (used),9034,... <  100 DM,1,0,male : married/widowed,co-applicant,3,real estate,29,none,own,1,manager/self-empl./highly qualif. employee,0 to 2,yes (under customer name),yes,0
935,1,24,all credits at this bank paid back duly,car (used),3349,100 <= ... <  500 DM,4,0,male : married/widowed,none,0,real estate,30,none,own,1,skilled employee/official,3 or more,yes (under customer name),no,1
936,2,15,no credits taken/all credits paid back duly,car (new),2631,... <  100 DM,2,2,female : non-single or male : single,none,0,building soc. savings agr./life insurance,37,none,for free,3-Feb,skilled employee/official,0 to 2,yes (under customer name),no,1
937,1,18,no credits taken/all credits paid back duly,furniture/equipment,2462,unknown/no savings account,2,2,male : married/widowed,none,1,building soc. savings agr./life insurance,22,none,rent,1,skilled employee/official,0 to 2,no,no,0
938,2,24,no credits taken/all credits paid back duly,car (new),4113,100 <= ... <  500 DM,1,3,female : non-single or male : single,none,0,unknown / no property,28,none,for free,1,skilled employee/official,0 to 2,no,no,1
939,1,12,no credits taken/all credits paid back duly,car (used),6963,unknown/no savings account,2,2,female : non-single or male : single,none,0,building soc. savings agr./life insurance,25,none,for free,1,skilled employee/official,0 to 2,no,no,1
940,3,15,all credits at this bank paid back duly,others,1271,... >= 1000 DM,2,1,male : married/widowed,none,0,real estate,39,bank,own,3-Feb,skilled employee/official,0 to 2,yes (under customer name),no,0
941,2,12,no credits taken/all credits paid back duly,vacation,15819,100 <= ... <  500 DM,0,0,male : divorced/separated,none,0,car or other,38,none,rent,3-Feb,skilled employee/official,0 to 2,no,no,0
942,0,12,no credits taken/all credits paid back duly,repairs,3153,100 <= ... <  500 DM,4,0,male : married/widowed,none,0,building soc. savings agr./life insurance,41,bank,rent,1,unskilled - resident,3 or more,no,no,1
943,0,54,existing credits paid back duly till now,domestic appliances,1555,500 <= ... < 1000 DM,4,0,male : married/widowed,none,0,car or other,55,none,own,3-Feb,skilled employee/official,3 or more,no,no,1
944,2,5,existing credits paid back duly till now,furniture/equipment,1659,unknown/no savings account,1,0,female : non-single or male : single,none,2,building soc. savings agr./life insurance,29,none,for free,1,unskilled - resident,0 to 2,yes (under customer name),no,1
945,1,6,all credits at this bank paid back duly,car (used),3384,unknown/no savings account,2,3,male : divorced/separated,none,0,unknown / no property,44,bank,for free,1,manager/self-empl./highly qualif. employee,0 to 2,yes (under customer name),no,1
946,1,6,all credits at this bank paid back duly,car (new),9629,unknown/no savings account,3,0,male : married/widowed,none,0,building soc. savings agr./life insurance,24,none,rent,3-Feb,unemployed/unskilled - non-resident,0 to 2,yes (under customer name),no,1
947,1,18,no credits taken/all credits paid back duly,radio/television,1217,... >= 1000 DM,2,1,female : single,none,1,unknown / no property,47,none,rent,1,unskilled - resident,0 to 2,yes (under customer name),no,1
948,0,21,no credits taken/all credits paid back duly,furniture/equipment,1478,unknown/no savings account,3,0,male : married/widowed,none,2,building soc. savings agr./life insurance,22,none,rent,1,skilled employee/official,0 to 2,no,no,0
949,3,12,no credits taken/all credits paid back duly,others,12196,... >= 1000 DM,0,0,male : married/widowed,none,0,real estate,38,none,rent,1,manager/self-empl./highly qualif. employee,0 to 2,yes (under customer name),no,0
950,1,36,delay in paying off in the past,others,666,500 <= ... < 1000 DM,3,1,female : non-single or male : single,none,0,unknown / no property,39,none,own,5-Apr,unskilled - resident,0 to 2,yes (under customer name),no,0
951,2,6,existing credits paid back duly till now,others,1209,... <  100 DM,4,0,male : married/widowed,none,0,car or other,47,none,rent,1,manager/self-empl./highly qualif. employee,0 to 2,yes (under customer name),no,1
952,2,18,no credits taken/all credits paid back duly,furniture/equipment,5595,... <  100 DM,2,2,female : single,none,2,unknown / no property,24,none,rent,1,skilled employee/official,0 to 2,no,no,1
953,2,30,all credits at this bank paid back duly,others,8386,unknown/no savings account,3,2,male : married/widowed,none,2,car or other,49,none,rent,1,skilled employee/official,0 to 2,yes (under customer name),no,1
954,1,36,all credits at this bank paid back duly,others,13700,unknown/no savings account,3,0,male : married/widowed,none,0,building soc. savings agr./life insurance,37,none,rent,3-Feb,skilled employee/official,0 to 2,yes (under customer name),no,0
955,0,48,all credits at this bank paid back duly,others,2959,100 <= ... <  500 DM,2,2,male : married/widowed,guarantor,2,real estate,44,none,own,1,skilled employee/official,0 to 2,no,no,1
956,2,6,no credits taken/all credits paid back duly,others,14555,... >= 1000 DM,4,3,male : married/widowed,none,2,unknown / no property,23,none,rent,1,unemployed/unskilled - non-resident,0 to 2,yes (under customer name),no,1
957,1,6,no credits taken/all credits paid back duly,retraining,4308,unknown/no savings account,1,3,female : non-single or male : single,none,0,car or other,24,none,for free,1,skilled employee/official,0 to 2,no,no,0
958,1,24,no credits taken/all credits paid back duly,others,253,unknown/no savings account,1,0,female : non-single or male : single,none,3,car or other,27,none,rent,1,skilled employee/official,0 to 2,no,no,1
959,1,30,no credits taken/all credits paid back duly,car (used),3108,unknown/no savings account,1,2,male : divorced/separated,none,0,car or other,52,stores,rent,1,unskilled - resident,0 to 2,no,no,0
960,2,9,no credits taken/all credits paid back duly,car (used),4570,unknown/no savings account,2,0,female : non-single or male : single,none,3,car or other,30,none,rent,1,skilled employee/official,0 to 2,yes (under customer name),no,1
961,2,24,no credits taken/all credits paid back duly,others,1246,unknown/no savings account,1,0,male : married/widowed,guarantor,2,unknown / no property,23,none,rent,1,unskilled - resident,0 to 2,no,no,1
962,2,60,all credits at this bank paid back duly,business,276,... <  100 DM,4,1,female : non-single or male : single,none,0,unknown / no property,60,bank,own,3-Feb,manager/self-empl./highly qualif. employee,0 to 2,yes (under customer name),no,1
963,3,24,delay in paying off in the past,car (used),4110,unknown/no savings account,4,3,male : married/widowed,none,0,real estate,23,bank,for free,3-Feb,skilled employee/official,3 or more,no,no,0
964,0,6,no credits taken/all credits paid back duly,car (used),7160,unknown/no savings account,0,0,female : non-single or male : single,none,2,building soc. savings agr./life insurance,26,none,rent,3-Feb,manager/self-empl./highly qualif. employee,0 to 2,yes (under customer name),no,1
965,1,36,existing credits paid back duly till now,retraining,2145,500 <= ... < 1000 DM,3,2,male : married/widowed,none,3,building soc. savings agr./life insurance,48,none,rent,3-Feb,skilled employee/official,0 to 2,yes (under customer name),no,1
966,0,9,no credits taken/all credits paid back duly,car (used),4153,unknown/no savings account,2,2,male : married/widowed,co-applicant,1,building soc. savings agr./life insurance,42,none,rent,1,skilled employee/official,0 to 2,no,no,1
967,0,24,no credits taken/all credits paid back duly,furniture/equipment,3621,... <  100 DM,4,2,male : married/widowed,none,3,building soc. savings agr./life insurance,31,none,own,3-Feb,skilled employee/official,0 to 2,no,no,1
968,0,12,all credits at this bank paid back duly,furniture/equipment,797,... >= 1000 DM,4,0,female : non-single or male : single,none,1,car or other,33,stores,rent,5-Apr,unskilled - resident,3 or more,no,no,1
969,2,12,all credits at this bank paid back duly,car (used),2645,unknown/no savings account,4,1,male : married/widowed,none,1,car or other,60,none,rent,3-Feb,skilled employee/official,0 to 2,no,no,1
970,2,9,no credits taken/all credits paid back duly,car (used),959,unknown/no savings account,2,3,female : non-single or male : single,none,2,building soc. savings agr./life insurance,29,stores,rent,1,skilled employee/official,0 to 2,no,yes,0
971,2,60,no credits taken/all credits paid back duly,furniture/equipment,1155,unknown/no savings account,4,1,female : single,guarantor,1,unknown / no property,40,bank,rent,3-Feb,unemployed/unskilled - non-resident,0 to 2,no,no,0
972,0,18,no credits taken/all credits paid back duly,others,6761,... >= 1000 DM,2,0,male : married/widowed,none,0,building soc. savings agr./life insurance,68,bank,for free,3-Feb,skilled employee/official,0 to 2,no,no,1
973,2,42,no credits taken/all credits paid back duly,others,10507,unknown/no savings account,2,0,male : divorced/separated,none,2,unknown / no property,49,none,rent,1,unskilled - resident,0 to 2,no,no,0
974,1,8,existing credits paid back duly till now,retraining,6836,100 <= ... <  500 DM,4,1,male : married/widowed,none,0,real estate,63,none,rent,3-Feb,skilled employee/official,0 to 2,yes (under customer name),no,1
975,0,6,all credits at this bank paid back duly,car (used),4736,unknown/no savings account,1,2,female : non-single or male : single,none,0,building soc. savings agr./life insurance,25,bank,rent,1,unskilled - resident,0 to 2,no,no,0
976,0,18,delay in paying off in the past,car (used),4165,100 <= ... <  500 DM,2,2,male : married/widowed,none,2,building soc. savings agr./life insurance,36,stores,rent,3-Feb,skilled employee/official,3 or more,no,no,1
977,0,15,all credits at this bank paid back duly,furniture/equipment,12911,unknown/no savings account,2,0,male : married/widowed,co-applicant,2,car or other,31,none,rent,3-Feb,skilled employee/official,0 to 2,no,no,0
978,3,12,no credits taken/all credits paid back duly,others,900,... >= 1000 DM,2,0,female : single,none,2,building soc. savings agr./life insurance,23,none,rent,1,skilled employee/official,0 to 2,yes (under customer name),no,1
979,2,6,all credits at this bank paid back duly,repairs,433,500 <= ... < 1000 DM,1,3,female : non-single or male : single,none,2,car or other,24,bank,for free,1,skilled employee/official,3 or more,no,yes,1
980,1,24,critical account/other credits elsewhere,car (new),3632,unknown/no savings account,2,0,female : non-single or male : single,guarantor,0,building soc. savings agr./life insurance,22,bank,for free,1,skilled employee/official,0 to 2,no,no,0
981,1,21,all credits at this bank paid back duly,car (new),3414,unknown/no savings account,1,2,male : married/widowed,none,3,car or other,26,stores,rent,3-Feb,skilled employee/official,0 to 2,no,no,1
982,2,36,no credits taken/all credits paid back duly,domestic appliances,2384,500 <= ... < 1000 DM,1,3,male : married/widowed,none,3,real estate,33,none,for free,1,unskilled - resident,0 to 2,no,no,0
983,3,12,all credits at this bank paid back duly,others,939,100 <= ... <  500 DM,3,0,female : single,none,2,unknown / no property,59,none,own,5-Apr,skilled employee/official,0 to 2,yes (under customer name),no,1
984,3,8,no credits taken/all credits paid back duly,furniture/equipment,4210,unknown/no savings account,0,0,male : married/widowed,none,2,building soc. savings agr./life insurance,26,none,rent,1,skilled employee/official,0 to 2,no,no,1
985,2,18,no credits taken/all credits paid back duly,others,7504,... >= 1000 DM,2,0,female : non-single or male : single,none,2,car or other,33,none,rent,1,skilled employee/official,0 to 2,no,no,0
986,0,18,no credits taken/all credits paid back duly,furniture/equipment,2600,unknown/no savings account,2,0,male : married/widowed,none,0,real estate,75,none,own,3-Feb,skilled employee/official,0 to 2,no,no,0
987,2,48,no credits taken/all credits paid back duly,furniture/equipment,9390,unknown/no savings account,2,3,male : married/widowed,none,2,unknown / no property,32,none,rent,5-Apr,skilled employee/official,3 or more,no,no,0
988,2,18,existing credits paid back duly till now,car (used),4297,unknown/no savings account,4,3,male : divorced/separated,none,1,car or other,40,none,rent,1,manager/self-empl./highly qualif. employee,0 to 2,yes (under customer name),no,1
989,2,21,no credits taken/all credits paid back duly,car (used),11331,unknown/no savings account,4,2,female : non-single or male : single,none,0,car or other,39,none,rent,1,skilled employee/official,3 or more,no,no,1
990,2,18,delay in paying off in the past,others,2278,... <  100 DM,3,1,female : non-single or male : single,none,1,building soc. savings agr./life insurance,28,none,rent,3-Feb,skilled employee/official,0 to 2,no,yes,1
991,3,30,existing credits paid back duly till now,furniture/equipment,13159,unknown/no savings account,1,0,male : married/widowed,none,0,car or other,47,none,rent,5-Apr,skilled employee/official,0 to 2,no,no,0
992,1,48,no credits taken/all credits paid back duly,furniture/equipment,6758,... >= 1000 DM,2,3,female : non-single or male : single,none,2,building soc. savings agr./life insurance,31,none,rent,1,skilled employee/official,0 to 2,yes (under customer name),no,1
993,0,6,existing credits paid back duly till now,furniture/equipment,4463,unknown/no savings account,2,0,male : married/widowed,none,2,building soc. savings agr./life insurance,26,none,rent,3-Feb,manager/self-empl./highly qualif. employee,0 to 2,yes (under customer name),no,1
994,2,24,all credits at this bank paid back duly,others,1287,500 <= ... < 1000 DM,4,0,male : divorced/separated,none,0,unknown / no property,37,bank,rent,3-Feb,skilled employee/official,0 to 2,yes (under customer name),no,0
995,1,36,existing credits paid back duly till now,retraining,7980,... >= 1000 DM,1,0,male : married/widowed,none,0,building soc. savings agr./life insurance,27,none,own,3-Feb,skilled employee/official,0 to 2,yes (under customer name),no,0
996,2,45,no credits taken/all credits paid back duly,car (used),2708,unknown/no savings account,1,2,male : married/widowed,none,1,car or other,27,bank,rent,3-Feb,unskilled - resident,0 to 2,no,no,0
997,2,24,all credits at this bank paid back duly,business,3380,unknown/no savings account,2,2,male : married/widowed,co-applicant,1,building soc. savings agr./life insurance,39,none,for free,3-Feb,manager/self-empl./highly qualif. employee,3 or more,yes (under customer name),no,1
998,1,24,all credits at this bank paid back duly,furniture/equipment,1024,unknown/no savings account,1,0,female : single,co-applicant,0,unknown / no property,48,stores,rent,1,skilled employee/official,0 to 2,no,no,1
999,2,24,no credits taken/all credits paid back duly,car (new),3488,... <  100 DM,0,1,female : non-single or male : single,none,0,building soc. savings agr./life insurance,23,bank,own,1,skilled employee/official,0 to 2,no,no,0
1000,1,18,no credits taken/all credits paid back duly,furniture/equipment,433,unknown/no savings account,0,1,female : non-single or male : single,co-applicant,0,unknown / no property,22,none,rent,1,skilled employee/official,0 to 2,no,no,1
1001,1,9,no credits taken/all credits paid back duly,furniture/equipment,654,unknown/no savings account,2,0,male : married/widowed,none,1,building soc. savings agr./life insurance,28,none,rent,3-Feb,unskilled - resident,0 to 2,no,no,1
1002,2,15,all credits at this bank paid back duly,others,1778,unknown/no savings account,1,2,female : non-single or male : single,none,3,unknown / no property,26,none,rent,3-Feb,unemployed/unskilled - non-resident,0 to 2,no,no,1
1003,0,18,all credits at this bank paid back duly,others,1530,unknown/no savings account,2,1,male : married/widowed,none,2,unknown / no property,75,bank,rent,3-Feb,skilled employee/official,0 to 2,no,no,1
1004,1,54,no credits taken/all credits paid back duly,car (used),8012,unknown/no savings account,1,0,female : non-single or male : single,guarantor,3,car or other,46,none,for free,1,skilled employee/official,0 to 2,no,no,0
1005,2,12,no credits taken/all credits paid back duly,furniture/equipment,6843,unknown/no savings account,1,1,female : non-single or male : single,none,3,building soc. savings agr./life insurance,25,none,for free,1,skilled employee/official,0 to 2,no,no,1
1006,3,30,all credits at this bank paid back duly,furniture/equipment,13221,unknown/no savings account,3,0,female : non-single or male : single,none,2,building soc. savings agr./life insurance,25,none,rent,3-Feb,skilled employee/official,0 to 2,no,no,0
1007,0,12,delay in paying off in the past,furniture/equipment,6199,500 <= ... < 1000 DM,2,0,male : married/widowed,none,2,car or other,28,none,for free,3-Feb,skilled employee/official,0 to 2,yes (under customer name),no,1
1008,0,24,delay in paying off in the past,others,2538,unknown/no savings account,4,0,male : married/widowed,none,3,building soc. savings agr./life insurance,47,none,rent,3-Feb,unskilled - resident,3 or more,no,no,1
1009,2,12,no credits taken/all credits paid back duly,others,836,... <  100 DM,1,0,male : married/widowed,none,2,car or other,23,bank,rent,1,skilled employee/official,0 to 2,no,yes,1
1010,0,60,delay in paying off in the past,others,3527,unknown/no savings account,1,2,male : married/widowed,none,1,car or other,45,none,rent,1,manager/self-empl./highly qualif. employee,3 or more,yes (under customer name),no,0
1011,1,12,all credits at this bank paid back duly,repairs,684,unknown/no savings account,2,0,male : married/widowed,none,0,building soc. savings agr./life insurance,40,none,own,1,unskilled - resident,3 or more,no,no,1
1012,3,6,no credits taken/all credits paid back duly,others,250,... <  100 DM,2,2,female : non-single or male : single,none,2,unknown / no property,22,bank,rent,3-Feb,unskilled - resident,0 to 2,no,no,0
1013,0,42,no credits taken/all credits paid back duly,car (new),11060,100 <= ... <  500 DM,1,1,male : married/widowed,none,0,car or other,50,none,for free,1,skilled employee/official,0 to 2,no,no,0
1014,1,72,existing credits paid back duly till now,furniture/equipment,1957,unknown/no savings account,3,3,female : non-single or male : single,none,0,building soc. savings agr./life insurance,31,none,rent,1,skilled employee/official,0 to 2,no,no,0
1015,3,48,no credits taken/all credits paid back duly,furniture/equipment,4567,unknown/no savings account,4,2,female : non-single or male : single,none,1,building soc. savings agr./life insurance,37,none,for free,1,manager/self-empl./highly qualif. employee,0 to 2,no,no,0
1016,2,15,no credits taken/all credits paid back duly,furniture/equipment,3031,... <  100 DM,2,0,male : married/widowed,guarantor,0,car or other,21,none,rent,1,skilled employee/official,0 to 2,no,no,1
1017,1,42,no credits taken/all credits paid back duly,car (used),7882,unknown/no savings account,3,2,male : married/widowed,co-applicant,0,car or other,21,none,own,1,skilled employee/official,3 or more,no,no,0
1018,3,9,delay in paying off in the past,furniture/equipment,1337,unknown/no savings account,1,3,male : married/widowed,none,2,building soc. savings agr./life insurance,34,none,rent,3-Feb,manager/self-empl./highly qualif. employee,0 to 2,yes (under customer name),yes,1
1019,1,10,no credits taken/all credits paid back duly,furniture/equipment,2302,unknown/no savings account,2,0,male : divorced/separated,none,0,building soc. savings agr./life insurance,31,none,for free,1,skilled employee/official,0 to 2,no,no,0
1020,1,24,no credits taken/all credits paid back duly,others,1442,500 <= ... < 1000 DM,3,0,female : non-single or male : single,none,0,building soc. savings agr./life insurance,47,none,for free,3-Feb,skilled employee/official,0 to 2,no,no,0
1021,0,18,no credits taken/all credits paid back duly,car (used),2039,unknown/no savings account,2,3,female : non-single or male : single,none,0,unknown / no property,46,none,for free,1,skilled employee/official,0 to 2,no,no,1
1022,2,6,no credits taken/all credits paid back duly,retraining,15672,unknown/no savings account,2,3,male : married/widowed,none,2,building soc. savings agr./life insurance,23,none,rent,1,skilled employee/official,0 to 2,yes (under customer name),no,1
1023,1,24,no credits taken/all credits paid back duly,car (used),3345,500 <= ... < 1000 DM,4,1,male : married/widowed,none,2,car or other,39,none,for free,1,manager/self-empl./highly qualif. employee,0 to 2,yes (under customer name),no,1
1024,0,36,no credits taken/all credits paid back duly,furniture/equipment,11798,... <  100 DM,2,0,female : non-single or male : single,none,0,building soc. savings agr./life insurance,29,none,for free,1,manager/self-empl./highly qualif. employee,0 to 2,yes (under customer name),no,0
1025,2,48,no credits taken/all credits paid back duly,retraining,4844,100 <= ... <  500 DM,0,1,male : married/widowed,none,2,building soc. savings agr./life insurance,33,none,for free,1,manager/self-empl./highly qualif. employee,0 to 2,yes (under customer name),no,1
1026,1,36,existing credits paid back duly till now,repairs,6887,... >= 1000 DM,2,3,male : married/widowed,none,1,car or other,29,stores,rent,1,skilled employee/official,0 to 2,yes (under customer name),no,1
1027,2,9,all credits at this bank paid back duly,furniture/equipment,4933,unknown/no savings account,3,2,male : married/widowed,guarantor,2,unknown / no property,25,none,rent,3-Feb,skilled employee/official,0 to 2,no,no,1
1028,1,12,delay in paying off in the past,domestic appliances,1108,unknown/no savings account,3,3,male : married/widowed,none,1,unknown / no property,28,none,rent,3-Feb,skilled employee/official,0 to 2,no,yes,1
1029,0,12,critical account/other credits elsewhere,furniture/equipment,11535,100 <= ... <  500 DM,2,0,female : non-single or male : single,none,2,real estate,38,none,rent,3-Feb,unemployed/unskilled - non-resident,0 to 2,yes (under customer name),no,0
1030,0,36,no credits taken/all credits paid back duly,car (used),3349,... >= 1000 DM,2,0,female : non-single or male : single,none,2,building soc. savings agr./life insurance,61,none,rent,1,manager/self-empl./highly qualif. employee,0 to 2,yes (under customer name),no,1
1031,2,48,no credits taken/all credits paid back duly,others,8487,unknown/no savings account,3,3,female : non-single or male : single,none,2,building soc. savings agr./life insurance,24,none,rent,1,skilled employee/official,0 to 2,yes (under customer name),no,0
1032,2,9,all credits at this bank paid back duly,others,1437,... <  100 DM,3,2,male : married/widowed,none,1,real estate,29,none,rent,1,skilled employee/official,0 to 2,yes (under customer name),no,1
1033,1,54,no credits taken/all credits paid back duly,others,1721,unknown/no savings account,1,0,male : married/widowed,none,1,unknown / no property,36,none,rent,1,skilled employee/official,0 to 2,no,no,0
1034,2,30,all credits at this bank paid back duly,others,5234,100 <= ... <  500 DM,3,0,female : single,none,2,building soc. savings agr./life insurance,28,none,rent,3-Feb,manager/self-empl./highly qualif. employee,0 to 2,no,no,0
1035,2,24,no credits taken/all credits paid back duly,others,2303,unknown/no savings account,4,0,male : married/widowed,co-applicant,3,unknown / no property,45,none,rent,1,skilled employee/official,0 to 2,no,no,1
1036,1,24,no credits taken/all credits paid back duly,others,915,... >= 1000 DM,4,3,female : non-single or male : single,none,2,building soc. savings agr./life insurance,29,bank,rent,1,skilled employee/official,3 or more,no,no,1
1037,2,18,no credits taken/all credits paid back duly,repairs,13953,100 <= ... <  500 DM,2,0,male : married/widowed,none,0,real estate,61,none,own,1,skilled employee/official,0 to 2,no,no,0
1038,0,12,no credits taken/all credits paid back duly,car (used),1123,100 <= ... <  500 DM,2,0,female : non-single or male : single,none,0,real estate,29,none,for free,5-Apr,unskilled - resident,0 to 2,no,no,1
1039,0,36,existing credits paid back duly till now,retraining,1744,unknown/no savings account,1,3,male : divorced/separated,none,3,building soc. savings agr./life insurance,28,none,rent,3-Feb,skilled employee/official,0 to 2,no,yes,1
1040,3,12,existing credits paid back duly till now,retraining,609,unknown/no savings account,1,2,female : non-single or male : single,none,3,unknown / no property,26,bank,rent,1,unemployed/unskilled - non-resident,0 to 2,no,no,1
1041,2,8,all credits at this bank paid back duly,others,2820,unknown/no savings account,1,0,male : divorced/separated,none,0,building soc. savings agr./life insurance,27,none,rent,1,skilled employee/official,0 to 2,no,no,1
1042,1,6,no credits taken/all credits paid back duly,repairs,448,... >= 1000 DM,1,0,female : non-single or male : single,none,0,car or other,23,none,rent,1,skilled employee/official,0 to 2,no,no,0
1043,3,30,existing credits paid back duly till now,retraining,1908,100 <= ... <  500 DM,4,0,male : married/widowed,guarantor,0,unknown / no property,66,none,rent,1,manager/self-empl./highly qualif. employee,0 to 2,yes (under customer name),no,0
1044,3,18,no credits taken/all credits paid back duly,car (used),2864,unknown/no savings account,2,2,male : married/widowed,none,0,car or other,34,none,rent,1,unskilled - resident,3 or more,no,no,1
1045,1,18,no credits taken/all credits paid back duly,furniture/equipment,1936,unknown/no savings account,3,0,female : single,none,0,building soc. savings agr./life insurance,23,none,for free,3-Feb,unskilled - resident,0 to 2,no,no,0
1046,1,15,no credits taken/all credits paid back duly,car (used),6872,unknown/no savings account,1,2,male : divorced/separated,none,3,car or other,55,bank,rent,1,skilled employee/official,0 to 2,yes (under customer name),no,0
1047,3,15,existing credits paid back duly till now,car (new),1512,500 <= ... < 1000 DM,2,1,female : single,none,1,car or other,61,stores,rent,3-Feb,skilled employee/official,0 to 2,no,no,1
1048,1,9,all credits at this bank paid back duly,others,2235,unknown/no savings account,2,0,female : single,guarantor,2,car or other,33,bank,rent,3-Feb,skilled employee/official,0 to 2,no,yes,1
1049,1,12,critical account/other credits elsewhere,others,14845,... <  100 DM,3,0,female : non-single or male : single,co-applicant,1,building soc. savings agr./life insurance,51,none,rent,3-Feb,skilled employee/official,0 to 2,yes (under customer name),no,0
1050,1,60,no credits taken/all credits paid back duly,others,662,unknown/no savings account,1,1,female : non-single or male : single,none,0,unknown / no property,41,none,rent,1,unskilled - resident,3 or more,yes (under customer name),no,0
1051,0,36,all credits at this bank paid back duly,others,564,unknown/no savings account,2,0,female : non-single or male : single,none,2,unknown / no property,46,stores,rent,3-Feb,skilled employee/official,0 to 2,yes (under customer name),no,1
1052,2,36,no credits taken/all credits paid back duly,furniture/equipment,2671,... >= 1000 DM,2,0,female : non-single or male : single,co-applicant,0,unknown / no property,50,none,own,1,skilled employee/official,0 to 2,no,no,1
1053,1,6,no credits taken/all credits paid back duly,repairs,13686,unknown/no savings account,1,3,female : non-single or male : single,none,2,real estate,56,none,rent,1,manager/self-empl./highly qualif. employee,0 to 2,no,no,0
1054,1,12,all credits at this bank paid back duly,radio/television,741,... <  100 DM,0,0,female : non-single or male : single,none,1,car or other,22,none,rent,1,skilled employee/official,0 to 2,yes (under customer name),no,0
1055,1,36,all credits at this bank paid back duly,repairs,1977,... >= 1000 DM,4,0,male : married/widowed,none,0,building soc. savings agr./life insurance,40,none,rent,1,manager/self-empl./highly qualif. employee,0 to 2,yes (under customer name),no,1
1056,1,36,all credits at this bank paid back duly,car (used),11842,unknown/no savings account,2,1,female : single,none,2,building soc. savings agr./life insurance,46,none,rent,3-Feb,skilled employee/official,0 to 2,yes (under customer name),no,0
1057,0,36,all credits at this bank paid back duly,repairs,2219,unknown/no savings account,2,1,female : non-single or male : single,none,2,real estate,25,none,rent,3-Feb,manager/self-empl./highly qualif. employee,0 to 2,yes (under customer name),no,1
1058,1,30,critical account/other credits elsewhere,car (new),10623,unknown/no savings account,4,1,male : married/widowed,none,0,real estate,38,none,own,5-Apr,skilled employee/official,3 or more,yes (under customer name),no,0
1059,1,24,all credits at this bank paid back duly,business,1358,... >= 1000 DM,4,0,male : married/widowed,none,1,building soc. savings agr./life insurance,40,stores,rent,1,unskilled - resident,0 to 2,yes (under customer name),no,1
1060,2,33,no credits taken/all credits paid back duly,car (new),12233,unknown/no savings account,2,0,male : married/widowed,none,2,building soc. savings agr./life insurance,30,none,rent,1,skilled employee/official,0 to 2,no,no,0
1061,2,12,no credits taken/all credits paid back duly,furniture/equipment,766,100 <= ... <  500 DM,2,0,male : married/widowed,none,1,unknown / no property,49,none,rent,5-Apr,unskilled - resident,0 to 2,no,no,1
1062,0,24,no credits taken/all credits paid back duly,car (used),9277,100 <= ... <  500 DM,2,2,male : divorced/separated,co-applicant,0,real estate,48,none,own,1,skilled employee/official,0 to 2,yes (under customer name),no,0
1063,0,12,no credits taken/all credits paid back duly,furniture/equipment,13845,unknown/no savings account,2,0,female : single,none,2,unknown / no property,28,none,rent,1,skilled employee/official,0 to 2,no,no,0
1064,1,21,delay in paying off in the past,others,1602,unknown/no savings account,4,0,female : single,none,2,building soc. savings agr./life insurance,30,none,rent,3-Feb,skilled employee/official,0 to 2,yes (under customer name),no,0
1065,1,12,all credits at this bank paid back duly,others,4843,... >= 1000 DM,4,1,male : married/widowed,co-applicant,0,car or other,43,none,rent,3-Feb,skilled employee/official,0 to 2,yes (under customer name),no,1
1066,3,24,all credits at this bank paid back duly,others,1344,... >= 1000 DM,3,3,male : married/widowed,none,2,unknown / no property,37,bank,rent,5-Apr,unskilled - resident,3 or more,no,no,0
1067,1,12,all credits at this bank paid back duly,others,3499,unknown/no savings account,2,1,female : non-single or male : single,none,2,unknown / no property,35,none,rent,3-Feb,skilled employee/official,0 to 2,no,no,1
1068,0,6,existing credits paid back duly till now,business,4611,unknown/no savings account,1,3,female : non-single or male : single,none,0,car or other,32,none,rent,1,skilled employee/official,0 to 2,no,no,1
1069,0,39,no credits taken/all credits paid back duly,car (new),13086,100 <= ... <  500 DM,2,0,male : married/widowed,none,0,building soc. savings agr./life insurance,24,none,rent,1,skilled employee/official,0 to 2,no,no,0
1070,3,36,critical account/other credits elsewhere,car (new),2746,unknown/no savings account,4,0,male : married/widowed,none,0,building soc. savings agr./life insurance,31,bank,rent,1,skilled employee/official,0 to 2,no,no,1
1071,3,36,no credits taken/all credits paid back duly,retraining,13866,unknown/no savings account,4,1,male : married/widowed,none,2,car or other,37,none,rent,3-Feb,skilled employee/official,0 to 2,no,no,0
1072,2,12,delay in paying off in the past,furniture/equipment,1484,... >= 1000 DM,2,2,female : single,none,3,unknown / no property,52,none,rent,1,skilled employee/official,0 to 2,yes (under customer name),no,0
1073,2,20,existing credits paid back duly till now,furniture/equipment,13020,... <  100 DM,3,1,male : married/widowed,none,0,real estate,36,bank,for free,>= 6,manager/self-empl./highly qualif. employee,3 or more,yes (under customer name),no,0
1074,3,72,no credits taken/all credits paid back duly,others,1330,unknown/no savings account,1,0,male : married/widowed,none,3,unknown / no property,26,none,for free,1,skilled employee/official,0 to 2,no,no,0
1075,0,9,no credits taken/all credits paid back duly,car (used),1980,unknown/no savings account,1,2,female : non-single or male : single,guarantor,3,building soc. savings agr./life insurance,19,none,for free,3-Feb,skilled employee/official,0 to 2,no,no,1
1076,0,12,no credits taken/all credits paid back duly,others,2133,... <  100 DM,4,0,female : non-single or male : single,co-applicant,0,real estate,52,none,own,1,manager/self-empl./highly qualif. employee,0 to 2,yes (under customer name),no,0
1077,1,9,no credits taken/all credits paid back duly,furniture/equipment,6460,unknown/no savings account,1,1,female : non-single or male : single,none,0,car or other,44,none,for free,1,skilled employee/official,0 to 2,no,no,1
1078,0,27,delay in paying off in the past,retraining,5293,unknown/no savings account,2,2,male : married/widowed,none,0,car or other,50,none,rent,3-Feb,skilled employee/official,0 to 2,yes (under customer name),no,1
1079,1,36,no credits taken/all credits paid back duly,car (used),5179,... <  100 DM,3,0,male : married/widowed,none,2,car or other,29,none,rent,1,skilled employee/official,0 to 2,no,yes,1
1080,0,6,all credits at this bank paid back duly,others,3966,unknown/no savings account,4,3,female : non-single or male : single,none,0,unknown / no property,33,bank,for free,5-Apr,skilled employee/official,0 to 2,yes (under customer name),no,1
1081,1,5,existing credits paid back duly till now,others,1333,unknown/no savings account,0,0,male : married/widowed,none,2,unknown / no property,43,none,own,3-Feb,skilled employee/official,3 or more,no,no,1
1082,2,54,no credits taken/all credits paid back duly,furniture/equipment,1206,unknown/no savings account,4,0,female : single,none,0,unknown / no property,25,none,rent,1,skilled employee/official,0 to 2,no,no,0
1083,2,48,delay in paying off in the past,others,8358,100 <= ... <  500 DM,1,0,female : non-single or male : single,none,3,building soc. savings agr./life insurance,30,none,for free,3-Feb,skilled employee/official,0 to 2,no,no,0
1084,1,12,no credits taken/all credits paid back duly,others,2579,unknown/no savings account,1,0,male : married/widowed,none,3,unknown / no property,33,none,rent,1,unskilled - resident,3 or more,yes (under customer name),no,1
1085,2,24,no credits taken/all credits paid back duly,others,2718,unknown/no savings account,2,1,female : non-single or male : single,none,0,car or other,68,none,for free,1,unskilled - resident,0 to 2,yes (under customer name),no,1
1086,2,30,no credits taken/all credits paid back duly,furniture/equipment,3441,... >= 1000 DM,2,2,female : non-single or male : single,co-applicant,0,building soc. savings agr./life insurance,21,none,for free,1,skilled employee/official,0 to 2,no,no,1
1087,2,12,no credits taken/all credits paid back duly,others,1223,unknown/no savings account,2,3,male : divorced/separated,none,1,unknown / no property,46,none,for free,3-Feb,skilled employee/official,0 to 2,no,no,1
1088,2,24,no credits taken/all credits paid back duly,car (used),13638,100 <= ... <  500 DM,0,1,male : married/widowed,none,0,car or other,53,none,rent,1,skilled employee/official,3 or more,no,no,0
1089,2,15,critical account/other credits elsewhere,others,1264,... >= 1000 DM,2,2,female : single,none,2,car or other,43,none,for free,1,skilled employee/official,0 to 2,no,no,0
1090,1,6,all credits at this bank paid back duly,repairs,1198,unknown/no savings account,4,0,female : non-single or male : single,none,0,real estate,35,none,own,1,skilled employee/official,0 to 2,no,yes,0
1091,2,36,no credits taken/all credits paid back duly,car (new),6948,unknown/no savings account,0,2,male : married/widowed,none,2,building soc. savings agr./life insurance,19,none,for free,1,manager/self-empl./highly qualif. employee,0 to 2,yes (under customer name),no,0
1092,1,45,no credits taken/all credits paid back duly,retraining,4591,500 <= ... < 1000 DM,2,2,male : married/widowed,none,1,car or other,54,none,rent,5-Apr,manager/self-empl./highly qualif. employee,0 to 2,yes (under customer name),no,1
1093,0,36,no credits taken/all credits paid back duly,retraining,1819,unknown/no savings account,2,0,male : married/widowed,none,0,real estate,37,stores,own,1,skilled employee/official,3 or more,yes (under customer name),no,1
1094,0,48,no credits taken/all credits paid back duly,car (used),9521,unknown/no savings account,1,3,female : non-single or male : single,none,1,unknown / no property,23,none,for free,1,unskilled - resident,3 or more,no,no,0
1095,2,4,no credits taken/all credits paid back duly,business,2150,unknown/no savings account,2,0,female : non-single or male : single,guarantor,2,real estate,24,bank,rent,1,skilled employee/official,0 to 2,no,no,1
1096,1,12,all credits at this bank paid back duly,others,4870,unknown/no savings account,2,1,male : married/widowed,none,0,real estate,53,none,own,3-Feb,skilled employee/official,3 or more,no,no,1
1097,1,24,no credits taken/all credits paid back duly,others,1207,unknown/no savings account,1,3,female : non-single or male : single,none,0,car or other,24,none,rent,1,skilled employee/official,0 to 2,no,no,0
1098,3,60,delay in paying off in the past,repairs,1047,unknown/no savings account,2,2,female : non-single or male : single,none,0,car or other,50,none,rent,1,unskilled - resident,0 to 2,yes (under customer name),no,0
1099,1,12,no credits taken/all credits paid back duly,car (used),2473,unknown/no savings account,0,0,male : married/widowed,none,3,building soc. savings agr./life insurance,25,none,rent,1,unemployed/unskilled - non-resident,0 to 2,no,yes,1
1100,1,12,critical account/other credits elsewhere,furniture/equipment,626,unknown/no savings account,2,0,male : married/widowed,guarantor,0,unknown / no property,24,bank,rent,1,unskilled - resident,0 to 2,no,no,1
1101,3,48,no credits taken/all credits paid back duly,furniture/equipment,12386,unknown/no savings account,4,0,male : married/widowed,none,3,unknown / no property,47,none,rent,1,skilled employee/official,0 to 2,yes (under customer name),no,0
1102,0,42,all credits at this bank paid back duly,car (used),13483,100 <= ... <  500 DM,2,2,female : single,none,3,building soc. savings agr./life insurance,26,none,for free,3-Feb,skilled employee/official,0 to 2,no,yes,0
1103,2,36,no credits taken/all credits paid back duly,repairs,8086,... <  100 DM,4,2,male : married/widowed,none,0,building soc. savings agr./life insurance,42,stores,rent,>= 6,manager/self-empl./highly qualif. employee,0 to 2,yes (under customer name),no,1
1104,3,36,no credits taken/all credits paid back duly,others,14330,unknown/no savings account,1,2,female : non-single or male : single,none,2,unknown / no property,27,bank,own,1,unemployed/unskilled - non-resident,0 to 2,no,yes,0
1105,1,15,existing credits paid back duly till now,domestic appliances,15616,unknown/no savings account,2,0,female : non-single or male : single,none,2,building soc. savings agr./life insurance,43,none,for free,1,unskilled - resident,0 to 2,no,no,0
1106,2,27,no credits taken/all credits paid back duly,car (new),3915,unknown/no savings account,2,0,male : married/widowed,none,2,building soc. savings agr./life insurance,36,stores,rent,1,skilled employee/official,3 or more,yes (under customer name),no,1
1107,1,42,delay in paying off in the past,furniture/equipment,14273,... >= 1000 DM,1,0,male : married/widowed,none,0,building soc. savings agr./life insurance,35,none,for free,3-Feb,skilled employee/official,0 to 2,no,no,0
1108,2,33,all credits at this bank paid back duly,furniture/equipment,15742,unknown/no savings account,2,3,female : non-single or male : single,none,3,real estate,23,none,rent,1,unskilled - resident,0 to 2,no,no,0
1109,0,60,all credits at this bank paid back duly,car (used),13364,unknown/no savings account,1,2,male : married/widowed,none,0,car or other,49,none,own,1,skilled employee/official,0 to 2,yes (under customer name),yes,0
1110,0,24,existing credits paid back duly till now,retraining,8648,... >= 1000 DM,1,2,male : married/widowed,none,2,building soc. savings agr./life insurance,53,bank,rent,3-Feb,skilled employee/official,0 to 2,yes (under customer name),no,1
1111,3,18,no credits taken/all credits paid back duly,others,1216,unknown/no savings account,3,0,female : non-single or male : single,none,1,building soc. savings agr./life insurance,23,none,for free,1,skilled employee/official,0 to 2,yes (under customer name),no,1
1112,1,15,all credits at this bank paid back duly,others,950,unknown/no savings account,4,0,male : married/widowed,none,1,building soc. savings agr./life insurance,33,none,for free,>= 6,skilled employee/official,3 or more,no,no,1
1113,1,8,no credits taken/all credits paid back duly,furniture/equipment,6999,unknown/no savings account,3,3,female : single,guarantor,3,unknown / no property,34,none,rent,3-Feb,skilled employee/official,0 to 2,yes (under customer name),no,1
1114,2,9,no credits taken/all credits paid back duly,furniture/equipment,11755,unknown/no savings account,2,0,male : married/widowed,none,1,unknown / no property,20,none,rent,1,skilled employee/official,0 to 2,no,no,0
1115,1,54,no credits taken/all credits paid back duly,car (used),10733,unknown/no savings account,2,2,male : divorced/separated,none,3,building soc. savings agr./life insurance,42,none,rent,1,skilled employee/official,0 to 2,no,no,0
1116,0,60,no credits taken/all credits paid back duly,furniture/equipment,804,unknown/no savings account,4,0,male : married/widowed,none,0,building soc. savings agr./life insurance,38,stores,own,1,skilled employee/official,0 to 2,no,no,0
1117,3,24,all credits at this bank paid back duly,others,1199,unknown/no savings account,4,0,male : married/widowed,none,0,unknown / no property,60,none,rent,3-Feb,unskilled - resident,0 to 2,no,no,1
1118,2,24,no credits taken/all credits paid back duly,repairs,2039,unknown/no savings account,1,3,female : single,none,3,car or other,66,none,rent,1,skilled employee/official,0 to 2,yes (under customer name),no,1
1119,1,42,no credits taken/all credits paid back duly,furniture/equipment,7174,... >= 1000 DM,3,0,female : non-single or male : single,none,1,building soc. savings agr./life insurance,30,none,rent,1,skilled employee/official,0 to 2,yes (under customer name),no,1
1120,2,48,no credits taken/all credits paid back duly,furniture/equipment,1533,unknown/no savings account,1,0,female : non-single or male : single,none,1,building soc. savings agr./life insurance,24,stores,rent,1,skilled employee/official,0 to 2,yes (under customer name),no,0
1121,0,18,all credits at this bank paid back duly,car (used),10211,unknown/no savings account,3,2,male : married/widowed,none,2,car or other,31,bank,rent,3-Feb,skilled employee/official,0 to 2,no,no,1
1122,2,27,all credits at this bank paid back duly,furniture/equipment,2520,unknown/no savings account,2,0,male : married/widowed,none,2,car or other,23,none,rent,3-Feb,unskilled - resident,0 to 2,no,yes,1
1123,2,24,critical account/other credits elsewhere,car (new),7814,unknown/no savings account,3,1,male : married/widowed,none,1,building soc. savings agr./life insurance,24,none,rent,>= 6,manager/self-empl./highly qualif. employee,0 to 2,yes (under customer name),no,0
1124,2,24,no credits taken/all credits paid back duly,car (used),5084,... <  100 DM,1,2,female : non-single or male : single,none,0,building soc. savings agr./life insurance,42,none,for free,1,skilled employee/official,0 to 2,yes (under customer name),no,0
1125,2,24,no credits taken/all credits paid back duly,furniture/equipment,3092,... >= 1000 DM,1,1,female : single,none,2,building soc. savings agr./life insurance,22,none,rent,1,skilled employee/official,0 to 2,yes (under customer name),no,0
1126,0,6,no credits taken/all credits paid back duly,others,7763,unknown/no savings account,4,0,male : married/widowed,none,0,real estate,42,bank,own,1,manager/self-empl./highly qualif. employee,0 to 2,no,no,1
1127,1,9,no credits taken/all credits paid back duly,others,1422,unknown/no savings account,1,1,male : married/widowed,none,2,unknown / no property,27,none,rent,1,manager/self-empl./highly qualif. employee,0 to 2,yes (under customer name),no,1
1128,2,48,no credits taken/all credits paid back duly,furniture/equipment,3060,... >= 1000 DM,3,0,male : married/widowed,none,0,unknown / no property,28,none,rent,3-Feb,skilled employee/official,0 to 2,no,no,1
1129,2,6,all credits at this bank paid back duly,furniture/equipment,1245,unknown/no savings account,2,0,female : single,none,2,building soc. savings agr./life insurance,33,none,rent,1,skilled employee/official,0 to 2,no,no,1
1130,0,48,no credits taken/all credits paid back duly,furniture/equipment,6468,... >= 1000 DM,0,2,male : married/widowed,none,3,real estate,52,none,rent,1,manager/self-empl./highly qualif. employee,0 to 2,yes (under customer name),no,1
1131,1,9,no credits taken/all credits paid back duly,car (used),1842,unknown/no savings account,1,0,female : non-single or male : single,none,0,building soc. savings agr./life insurance,34,none,rent,1,skilled employee/official,0 to 2,yes (under customer name),no,1
1132,2,24,no credits taken/all credits paid back duly,car (new),1287,unknown/no savings account,4,0,female : non-single or male : single,none,2,unknown / no property,44,none,own,1,manager/self-empl./highly qualif. employee,0 to 2,yes (under customer name),no,1
1133,2,36,existing credits paid back duly till now,others,2225,unknown/no savings account,4,3,male : married/widowed,none,0,real estate,57,none,own,3-Feb,skilled employee/official,0 to 2,yes (under customer name),no,0
1134,0,12,all credits at this bank paid back duly,retraining,5062,unknown/no savings account,3,0,male : married/widowed,none,2,building soc. savings agr./life insurance,42,stores,rent,3-Feb,manager/self-empl./highly qualif. employee,0 to 2,yes (under customer name),no,1
1135,0,18,critical account/other credits elsewhere,others,9455,unknown/no savings account,4,2,male : married/widowed,none,0,real estate,39,none,rent,3-Feb,manager/self-empl./highly qualif. employee,3 or more,yes (under customer name),no,1
1136,2,30,all credits at this bank paid back duly,others,4249,... >= 1000 DM,0,3,female : single,none,2,building soc. savings agr./life insurance,28,none,rent,3-Feb,manager/self-empl./highly qualif. employee,0 to 2,no,no,1
1137,2,39,no credits taken/all credits paid back duly,furniture/equipment,790,100 <= ... <  500 DM,2,0,male : divorced/separated,none,1,unknown / no property,66,none,rent,1,unskilled - resident,0 to 2,no,no,0
1138,1,28,no credits taken/all credits paid back duly,others,4006,100 <= ... <  500 DM,2,1,male : married/widowed,none,2,building soc. savings agr./life insurance,45,none,rent,1,unskilled - resident,0 to 2,no,yes,1
1139,0,12,no credits taken/all credits paid back duly,furniture/equipment,674,... <  100 DM,3,0,male : divorced/separated,none,3,car or other,20,none,rent,1,skilled employee/official,0 to 2,no,no,1
1140,2,48,no credits taken/all credits paid back duly,furniture/equipment,5951,... >= 1000 DM,2,2,female : non-single or male : single,none,2,unknown / no property,22,none,rent,1,skilled employee/official,0 to 2,no,no,1
1141,0,54,all credits at this bank paid back duly,car (new),10253,unknown/no savings account,4,0,female : non-single or male : single,none,2,building soc. savings agr./life insurance,41,none,for free,3-Feb,manager/self-empl./highly qualif. employee,0 to 2,yes (under customer name),no,0
1142,0,12,all credits at this bank paid back duly,car (new),11590,... <  100 DM,2,2,female : non-single or male : single,none,0,building soc. savings agr./life insurance,24,none,for free,3-Feb,unskilled - resident,0 to 2,yes (under customer name),no,0
1143,1,30,no credits taken/all credits paid back duly,car (used),2406,unknown/no savings account,3,0,female : non-single or male : single,guarantor,0,unknown / no property,60,none,for free,1,skilled employee/official,0 to 2,no,no,0
1144,0,12,no credits taken/all credits paid back duly,repairs,795,unknown/no savings account,1,0,female : non-single or male : single,none,0,car or other,53,none,rent,1,skilled employee/official,0 to 2,yes (under customer name),no,1
1145,0,24,all credits at this bank paid back duly,others,12862,... >= 1000 DM,3,3,male : married/widowed,none,0,car or other,43,bank,rent,3-Feb,skilled employee/official,0 to 2,yes (under customer name),no,0
1146,2,24,all credits at this bank paid back duly,furniture/equipment,1216,100 <= ... <  500 DM,1,0,male : married/widowed,none,0,real estate,38,none,rent,3-Feb,skilled employee/official,3 or more,no,no,1
1147,0,21,no credits taken/all credits paid back duly,car (new),2580,100 <= ... <  500 DM,1,0,male : married/widowed,none,2,unknown / no property,41,bank,rent,1,unskilled - resident,3 or more,no,no,1
1148,2,6,no credits taken/all credits paid back duly,others,14027,unknown/no savings account,3,0,male : married/widowed,none,2,unknown / no property,27,none,rent,1,manager/self-empl./highly qualif. employee,0 to 2,yes (under customer name),no,0
1149,1,42,all credits at this bank paid back duly,others,4716,... >= 1000 DM,4,3,male : married/widowed,none,1,real estate,44,bank,rent,3-Feb,unskilled - resident,3 or more,no,no,0
1150,2,21,all credits at this bank paid back duly,car (used),5096,unknown/no savings account,2,2,female : non-single or male : single,none,1,building soc. savings agr./life insurance,30,none,rent,1,manager/self-empl./highly qualif. employee,0 to 2,yes (under customer name),no,1
1151,1,39,no credits taken/all credits paid back duly,others,1403,unknown/no savings account,2,2,female : non-single or male : single,none,0,building soc. savings agr./life insurance,28,none,for free,1,skilled employee/official,0 to 2,no,no,0
1152,1,12,delay in paying off in the past,retraining,1409,unknown/no savings account,4,0,male : married/widowed,none,1,unknown / no property,54,none,rent,1,skilled employee/official,0 to 2,no,no,0
1153,0,18,no credits taken/all credits paid back duly,car (used),1924,... >= 1000 DM,1,0,female : non-single or male : single,none,1,unknown / no property,27,none,for free,1,skilled employee/official,0 to 2,yes (under customer name),no,0
1154,0,24,no credits taken/all credits paid back duly,furniture/equipment,1282,... <  100 DM,2,0,female : non-single or male : single,none,2,building soc. savings agr./life insurance,32,none,rent,1,manager/self-empl./highly qualif. employee,0 to 2,no,no,1
1155,2,12,no credits taken/all credits paid back duly,car (used),951,... >= 1000 DM,3,0,female : non-single or male : single,none,0,building soc. savings agr./life insurance,27,bank,for free,>= 6,skilled employee/official,0 to 2,yes (under customer name),no,1
1156,1,48,all credits at this bank paid back duly,car (new),6331,... >= 1000 DM,1,0,male : married/widowed,none,0,real estate,46,none,own,3-Feb,skilled employee/official,0 to 2,yes (under customer name),no,0
1157,1,24,critical account/other credits elsewhere,car (new),2957,unknown/no savings account,4,0,male : married/widowed,none,0,car or other,63,none,own,3-Feb,skilled employee/official,0 to 2,yes (under customer name),no,0
1158,1,20,all credits at this bank paid back duly,car (new),6143,unknown/no savings account,4,0,female : non-single or male : single,none,0,real estate,58,none,own,3-Feb,unskilled - resident,0 to 2,no,no,1
1159,1,18,no credits taken/all credits paid back duly,furniture/equipment,1882,500 <= ... < 1000 DM,2,0,female : non-single or male : single,none,0,building soc. savings agr./life insurance,25,bank,for free,3-Feb,skilled employee/official,0 to 2,no,yes,1
1160,1,36,no credits taken/all credits paid back duly,car (new),8229,... >= 1000 DM,2,2,male : married/widowed,none,2,building soc. savings agr./life insurance,26,none,rent,1,skilled employee/official,3 or more,no,no,1
1161,1,33,all credits at this bank paid back duly,car (used),4281,100 <= ... <  500 DM,2,3,female : single,none,0,building soc. savings agr./life insurance,48,none,rent,3-Feb,skilled employee/official,0 to 2,no,no,1
1162,1,24,critical account/other credits elsewhere,car (new),2812,unknown/no savings account,4,2,female : non-single or male : single,none,0,unknown / no property,26,none,for free,1,skilled employee/official,0 to 2,no,no,0
1163,3,42,delay in paying off in the past,repairs,4796,unknown/no savings account,4,0,male : married/widowed,none,0,real estate,56,none,own,1,skilled employee/official,0 to 2,no,no,0
1164,1,24,existing credits paid back duly till now,car (used),2064,unknown/no savings account,0,1,female : non-single or male : single,none,2,car or other,50,none,rent,1,manager/self-empl./highly qualif. employee,0 to 2,yes (under customer name),no,1
1165,1,15,no credits taken/all credits paid back duly,radio/television,1275,... >= 1000 DM,2,0,female : non-single or male : single,guarantor,2,building soc. savings agr./life insurance,24,none,for free,1,skilled employee/official,0 to 2,no,yes,1
1166,2,60,no credits taken/all credits paid back duly,furniture/equipment,753,unknown/no savings account,2,2,female : non-single or male : single,guarantor,1,unknown / no property,64,stores,rent,1,skilled employee/official,0 to 2,no,no,0
1167,2,6,no credits taken/all credits paid back duly,others,6225,... >= 1000 DM,2,3,male : married/widowed,none,0,real estate,37,bank,own,1,skilled employee/official,0 to 2,yes (under customer name),no,1
1168,2,15,no credits taken/all credits paid back duly,others,15724,500 <= ... < 1000 DM,3,2,female : non-single or male : single,co-applicant,1,building soc. savings agr./life insurance,20,none,for free,1,skilled employee/official,0 to 2,no,no,0
1169,1,18,all credits at this bank paid back duly,others,1442,unknown/no savings account,3,0,male : married/widowed,none,0,real estate,32,stores,rent,3-Feb,unskilled - resident,3 or more,no,no,1
1170,2,12,no credits taken/all credits paid back duly,furniture/equipment,1331,unknown/no savings account,1,2,male : married/widowed,none,3,building soc. savings agr./life insurance,42,none,rent,1,skilled employee/official,0 to 2,no,no,1
1171,2,36,no credits taken/all credits paid back duly,car (new),2738,unknown/no savings account,1,3,male : married/widowed,none,0,building soc. savings agr./life insurance,28,none,for free,1,manager/self-empl./highly qualif. employee,0 to 2,yes (under customer name),no,1
1172,1,12,no credits taken/all credits paid back duly,car (new),3386,500 <= ... < 1000 DM,4,1,male : married/widowed,none,0,real estate,35,none,own,1,skilled employee/official,0 to 2,yes (under customer name),no,1
1173,0,15,no credits taken/all credits paid back duly,repairs,4623,... <  100 DM,2,1,male : married/widowed,none,2,car or other,40,bank,own,1,manager/self-empl./highly qualif. employee,0 to 2,yes (under customer name),no,0
1174,1,24,all credits at this bank paid back duly,others,1851,unknown/no savings account,3,0,female : single,guarantor,2,building soc. savings agr./life insurance,33,bank,rent,3-Feb,skilled employee/official,0 to 2,yes (under customer name),no,0
1175,0,24,critical account/other credits elsewhere,car (new),3161,unknown/no savings account,2,0,male : married/widowed,none,2,car or other,31,bank,for free,1,skilled employee/official,0 to 2,yes (under customer name),no,0
1176,1,10,no credits taken/all credits paid back duly,others,894,100 <= ... <  500 DM,3,0,female : non-single or male : single,none,0,car or other,40,bank,rent,1,skilled employee/official,0 to 2,no,no,0
1177,1,12,no credits taken/all credits paid back duly,car (used),7865,unknown/no savings account,4,0,male : married/widowed,none,0,real estate,53,none,own,5-Apr,manager/self-empl./highly qualif. employee,3 or more,yes (under customer name),no,1
1178,2,12,all credits at this bank paid back duly,car (used),2969,unknown/no savings account,1,0,female : non-single or male : single,none,1,unknown / no property,25,none,for free,3-Feb,skilled employee/official,0 to 2,no,no,1
1179,1,21,no credits taken/all credits paid back duly,radio/television,1835,unknown/no savings account,2,1,female : non-single or male : single,none,2,unknown / no property,25,none,rent,3-Feb,skilled employee/official,0 to 2,yes (under customer name),no,1
1180,3,21,delay in paying off in the past,repairs,2319,... <  100 DM,1,2,male : divorced/separated,none,3,building soc. savings agr./life insurance,33,none,for free,1,skilled employee/official,0 to 2,no,no,1
1181,2,12,existing credits paid back duly till now,others,13729,100 <= ... <  500 DM,3,1,male : divorced/separated,none,1,building soc. savings agr./life insurance,75,none,rent,1,manager/self-empl./highly qualif. employee,0 to 2,yes (under customer name),no,0
1182,2,15,critical account/other credits elsewhere,others,6850,... <  100 DM,3,3,male : married/widowed,none,2,unknown / no property,34,stores,rent,1,manager/self-empl./highly qualif. employee,3 or more,yes (under customer name),no,0
